SET SQL_MODE = "NO_AUTO_VALUE_ON_ZERO";
SET AUTOCOMMIT = 0;
START TRANSACTION;
SET time_zone = "+00:00";

/*!40101 SET @OLD_CHARACTER_SET_CLIENT=@@CHARACTER_SET_CLIENT */;
/*!40101 SET @OLD_CHARACTER_SET_RESULTS=@@CHARACTER_SET_RESULTS */;
/*!40101 SET @OLD_COLLATION_CONNECTION=@@COLLATION_CONNECTION */;
/*!40101 SET NAMES utf8mb4 */;

CREATE DATABASE IF NOT EXISTS `tibia` DEFAULT CHARACTER SET latin1 COLLATE latin1_swedish_ci;
USE `tibia`;

CREATE TABLE `accounts` (
  `id` int(10) UNSIGNED NOT NULL,
  `password` varchar(255) NOT NULL,
  `email` varchar(255) NOT NULL DEFAULT '',
  `premend` int(10) UNSIGNED NOT NULL DEFAULT '0',
  `lastlogin` int(10) UNSIGNED DEFAULT '0',
  `blocked` tinyint(1) NOT NULL DEFAULT '0',
  `warnings` int(11) NOT NULL DEFAULT '0',
  `key` varchar(20) NOT NULL DEFAULT '0',
  `accountbalance` int(11) NOT NULL DEFAULT '0',
  `email_new` varchar(255) NOT NULL DEFAULT '',
  `email_new_time` int(11) NOT NULL DEFAULT '0',
  `rlname` varchar(255) NOT NULL DEFAULT '',
  `location` varchar(255) NOT NULL DEFAULT '',
  `page_access` int(11) NOT NULL DEFAULT '0',
  `email_code` varchar(255) NOT NULL DEFAULT '',
  `next_email` int(11) NOT NULL DEFAULT '0',
  `premium_points` int(11) NOT NULL DEFAULT '0',
  `create_date` int(11) NOT NULL DEFAULT '0',
  `create_ip` varchar(30) NOT NULL DEFAULT '0',
  `last_post` int(11) NOT NULL DEFAULT '0',
  `flag` varchar(80) NOT NULL DEFAULT '',
  `vote` int(11) NOT NULL DEFAULT '0',
  `backup_points` int(11) NOT NULL DEFAULT '0',
  `guild_points` int(11) NOT NULL DEFAULT '0',
  `guild_points_stats` int(11) NOT NULL DEFAULT '0',
  `forum_logo` mediumblob,
  `profile_changed` tinyint(1) DEFAULT '0',
  `email_confirmed` tinyint(1) DEFAULT '0'
) ENGINE=InnoDB DEFAULT CHARSET=utf8;

INSERT INTO `accounts` (`id`, `password`, `email`, `premend`, `lastlogin`, `blocked`, `warnings`, `key`, `accountbalance`, `email_new`, `email_new_time`, `rlname`, `location`, `page_access`, `email_code`, `next_email`, `premium_points`, `create_date`, `create_ip`, `last_post`, `flag`, `vote`, `backup_points`, `guild_points`, `guild_points_stats`, `forum_logo`, `profile_changed`, `email_confirmed`) VALUES
(260894, '2065493f231cdfb6c7c5ece5e0468b2b', 'bmmiguel49@rangers.nwosu.edu', 1476406342, 4294967295, 0, 0, 'TRNIP6G4D7', 10000, '', 0, 'Bruno', '', 3, '', 1470333794, 1110, 1469377145, '0', 1471712649, '', 0, 0, 0, 0, 0x313437303233353339393b646174613a696d6167652f706e673b6261736536342c6956424f5277304b47676f414141414e535568455567414141454141414142414341594141414371615848654141416342456c45515652343274566265567a553152612f732b384d777a34733472435437414f7979797143736d694b696c75343449614b367a4e554e4c56464d79326657706c745a6c5a6d506a4e4e4c464f66755a44504264484d685241526b5a435145474559687647386332637578545074715757662b7550376d653033772b39387a7a6e6663383639467749416e4c7442434f45685850484a546752396f77706639305949376e58396e34477061523669796630386652634f693831616d70756339304a6576376e4c782f59746641487858473666755174487875665037422b634e435844577a4d2b3255325a6e553134442f4b373544344575484d4a656336616b4770504a4d43566b475978495a76782f51524b7a7039702b4d675565396e5441794f443138354a6e62506e376377745a3075695369724f2b7066566c4c75583131526f4b6d712b313152634b33637476337857632f62724863476662316f65732f726c6d52487a5a32574744433949446643656b52307065536743715046435175626245464c6e5334697846784951695841695243636a5a41742b486f36515057374478327531676a6e3974653676544f6b33747669646a4b302f58416d7361473232624447324351334756703778546a4d7833726c466741476663347a74747754365733587968706f4b2b2f4c446e37767566584661742b566a4537746c6a3033306463334f7a7562394a6745733742586f2b5a554f684e54456f764568614c6733496843685254686a4a4f4346652f45367a386364376f57444936492f574e462f3366656e6f73363233724a7075614e485178734a474b38524d4a546a3479584552515239586b6d676f777078485a2f664d462f586761545556764a713178554a39673775616274305a494a6e2b4978735a386c764565434378722f7742427166686362325277516a4d424a41686242485743434957512b4348356678425a6c2b396b747a452f4d4f372b68586650755761384f64647652326f396e5139674d45666e7958514d564c424c59504a6f59502b68504431694845634741574d645238544b44684942722b50514a4a36716a4237395152304e63522f653450535731386f5052515036334c704e6b7041624b374974376b2b523659342f50564750594430664f543056425550484244345074565441783345445057556249656c2f45765455365a63654b4c39434e74726371574f7a6f30346763302f443845727130683848702f6f752f6e7771734b644a475542446b7074675936575877596a416878565777503055684b306e783446652f39673754556645574d787173594b6455496a413464666e2f373030547672424b647a34377448746331485367424573525339484964357274784a4272394a4d49666f6344587843782b714958456963482b635651444776624c4a69546e6e646954646b6a58624e3179357a5a36455933586c784b342f4171426e41424f6f362b54596c74796f4f506f45516d6177426e70586b345545784754732f786336487570775934356b5a367139566d5267724a5058694b4e747938516f2b346f52733272424a374a4943326561766d326b623038666539467742705566454d534770324f43454d3449675434486e373232703868656e4f7a492f332f76533174652b7474752b5a4f3439737645326a65537544704b4b4c7a644c62614f696e4652307646386237434f563472474964524e44444b64574176582b57484d775a79366b3875494d5a464b6154467a553632497a664a4b3478656333634b55414a57594b37725539486f76737a3753416a777a4153383962674a6f4e352f63587836666b3135594f57644e693530594f3461714e68644948426b4b643650746241734a2b462f512f63334b7767614f543752777a33537932474678704a66376132576238314e6376755638663944414870635078534e66676f526a63424b4148777a415273654e7747542b766d72336c382b344c58626a64326237767a456a4b66346c73425863346b783245565a504f394a7266716853326b6658335661694d7551495447617748735a2f7a384559496e546a304b6a4a335152514e45764b61447355696f6c3938456a36384b556a4a36614c7a663133615a76745771685a63776b5868546e6b5942465349437238764e354f5837326a3952506f4f472f46546b2f452b4343424978426f7773512f52433041315369434b4c46782f447a305a51454a6f5a544554507577697a574b6f736539675a70793172514e794c38324b3655677830366b63465969345a665a55414e4f506b574d555a334635566d6872736d334d2b4c7677632f45344479726e2b4b455a4347304c44616234556b3441586c53455147586c6549777469436e614b657a34437639534c7a38382f78387a44366577394c7750544d694f6754583651633657675647476e394e6c535a4357692f517144744849486479306c4c566b2f7031754852376d6e354133797348777342746d67457251433569435247414a494332426842442f784d696952675431424c332b764f50714d3630593131693968447443414a682f43335968386d48546f4a4f4c366e3935474f467634764243446136534f53594b676755465643476a65395a5058686b7245683832646d786d51585a495346556145626c365378763165483939414559422b67787a734862495167456548445341684639474b61594763656a4d434c7761304c4154376d30716e444839754a7639666e5159636d5373434d666a316a6a2b396d4246786a526e64466c626b466272334762626c32546c567863722f586f61382b436475325a575869686c634c6b7859766d3968727775774255566d556c4f6c3974476f36446635577562776e415a5a49514177614d5a5131516c484d2b3047734b67517a6739584d3645344362466b3030486b6878507a6177444e336a44515346412b6b41586a6a527a394c327464785732546f7144626e50753367376b5948706758566949346675515a39673168337530375a56482f4674716269744e765a6b6c3361677a766669746a38786a4d784b35626d786b32644e79516962557066662f2f384a422f72427848426c5a6a726571722b2b51785a7a4344715854397a476f4137613544554c424b364d353177595152454d7449776d6c72776c772f6737326f6678417554552f786374723361653150725456577a616469702f442b34596961446b6d584541656a4f6a7877774e76474d2b70736958634e317537714b7335714c52347639396d306f69746f7762316841776354653374467a7337584b33794a6776527a464c674a76666949435a5230474d3839374d574d31356d6e513548453739756a415350426833574d3853782b4e75596d7170464877494154514846366132377667796c6d33693859624f4e5a576d7276416830566e7174443577646a414e656f6168627279452f4a7a7a307957622b2f31684d4f692f4c362b72766369514951336d304e7a463733625441567747434b5468622b7475524c384c4871575864367a5a3546426461496e49705a46547143356a543758475147306b574a6c45695747524e354c4a417579744f4566724e5275624c34716271416562712f346e574270684646697243306c7a59764838437044584b33586a553578642f6e564f457872504a613267586a545666624d6f44674f42344a6b4d74416f464f444b34356d697749474e7874614d42486357396c474d72424132526d764e4246786b597167576938567861725836654c647533577273374f783243495843486e65544d436254577a46726b506677443134524836772b537654745750376163643758347869732f39364d396b634558542b6f78776c785641533350744a48586469316c4a72475959794141566a6d6473724e53312b30415949677152536d5a6d5441797577684d4d6e4243514a352f4a2f4458735730514d7547707a696d453447736836433677654e776d6a6b637a6b48456469636e70304d7256363755662f625a5a7a426e7a75776d613556714f7833423736345534354c38374e4e444866497a4134576c6230346e2b7670503050426a694e4d494a45525043626c6b4a71583959594466616366662b4759784d665a77454a3063454e6b39726973426b394377512b354d3359586d52512f7755316e426e7358505175764b6638496554312b4945516a6f326f444a2b7a514e50466835704d495a774649686a4f6c46443755616b6849547764504c43364b696f6d42635868363875476f56764c6c78497a773149522b6b466d7073735156307949713775334836423062436f4b6a7557543355716f324a62734b71365747636c6f4d54435a78366b63434e44576a494c76546f66677a74342f684953626e414450772f30482b483245316776412b6e4b637a54706d6a3253505043434f4553306f544736364f595551727a4541527543677434507a63504b695955774761314d3052782b616250374a6e33716470543051786e337166777837537873374b4338666e35384e572b666242732b584c5974486b7a664c526c43336835656f4b467053556f70425a6779624846464247336f504562456462336e4f5a776b4d6b4964553372365761334b4d545a5971656e6c616a305354742b6456456f74336c424e4565334f4a586f5336595359393148424852666d386c6f7632434f6b6c3852634e464d6c50346767514e5a78426a6f614c466a5a7061665351734968786e6b3136584a6f612b6c6d50633931493451352b514359554b6871512f6f7959774f5a506c50535568474447496a744932464265524e6d675348762f6b4772745855774d564c6c32442f3463507762464552524b6c554a6f32674b5a4f44366539437549446b66336776416e377045624a354e434a47706e68722b7656306955304b6352346536574e66324d50465a71574867324a6a4c37586b594b61766f47704e4771663531457069314239474972356a786c3638432f6865327a633457307a412b37615748427353357862324d7746575863716348784d7a5436623856412f6b7a4e67597076514a54507753574c6d6b5565434367686b524677654c6e333057746e7a304558794b2b6636664d32666776625672595852514541784445756d774e512b78434f474c51414c576430366144344c3147426c306d5a75534d68306a5a45534b563243386e38735172635a366461537a354d69794a7a6e31317a386c42704e656e503831326b34534f44384462624155584f7754376a797755774e4d6f65334b5042764b764471556c634d305a6e6763792f6c774a6e3452724f625461393374375341394f78746558724d475a73366343594f48446f55705536624134734a436d42305441794d786d73626864546847516946694e744d4d316a474750636f55655865556a45723243493777636c69556f5255642b4d2f3770416156333267792f4e777661454d6872467445594a77317279597578446d766b34426d394954426d6330427449366e4d73382b795569597a426f6b616b5136566b35627352446b4d696c4970444a514b65537773476742584c68554471576c702b475656315a445070497764657859474f667444626c694d655378376e493659685a37486d614f72475965345231454863536579305a4257326547527870375451496137703731394644484e56635057357a76754d534d50387541424c53696d4437727847324b386e656332306e414845514a375152396d5243714761785a5a47695a4e7443757234646344484e473949595846732b4247664f4b59467a2b46486839773574772b74412b71447853444e2b644f516e4c6c79324442413850534f667a5453744d6b396d59505a4d3948386749384444704456636e35636c327967515771376c6377577130665155682f4e68486a51693637443039497a6a74343156686d3971755346744d6d6e43476f52514a574934454f4843626f67505568563162595851534f5961526f4b4d5651435654674a75504e34544842494b446978337773414a3465476f674d69345555685044344c5835342b485330632b68767534716c4a3475686266662f776a655762594144723955414b653276516476504c634d686d4c3553305664794748475534786e6a56496b5336456b552f764d6756686e57304e4774492f6558575770647845495731524573416d4a43487a55534269667246572b4e43572b6f4f614d527958644a364447302f42764f34554550456467715457334b624b54414d59434462734264424f554e6a707048723777334a4a465548626d597968616d4163615a336659764b6f517169377667414d664c5966596f484259567a674a32713465677576566c2b484c7230746779376f58344b326e456d4343717a32385042484c494972672b496749364938704d49305a6e387036426870704b596752694f4663446b774c37513448643454436771647349644e47447045795351756643464566524a365051674b644d42634f6a30773675542f6857456356446b6c6c5a674a30324473304678463452736c70436739304b4b4c5864646b5a55735279694c544b47637454484e62727162325434545347644758564d646a3139694a6f504c41636a4b645751503048552b4844764151347554674c62753964425266506e4944692f59646779776676776472354d79424862513844585631687863524a73483344426e687831436849773153495a685847673545776c4b5644726f414843784c3934635a6c4f2f6752383352654a686369724f5151717041326977682f47794869704966646b4b57474659324b546a6931502b5759735a6f526742564168325879707a4545466b73357a524642547650763268717a3975555335546f6c6b6452704d437a6a5a584a596b444d4b7a68332b4174716254304e48785536347558736c56473661427730376e6f66322f57766739724674634f46734b5a776f4c594e54333536447a3366746872484277654342445647697253327377537177634d5149434551433346695a64574f565a4451547778794a454a34624667484e31315267524d483659544f426159464967713043484754694a67794130593943774f4b6e59704e4f4830772b6272794b424a53616434646174684f6f3042495949754c564a485a57675334394d6334764e6d6f6b59594d4b53516a6d43493252636a6d736e6a4165644d324e6f477474676776666e6f4839582b36426b6b502f687175587936482b682b747736654a46714b71716768734e445844696d324d777531382f534f6d756758524852306a437270442b526744724d7879364c4a343861577149434178416237395731425061723874416a7a6e61687433616c56583475544d505047336c7a625a4b79567843354c5950517749567768565455735a654f78645359617a676742354476785862353861354249726c4b505971795a46684d6537612b32795079333246524c33556e726730754b4834505a387a4746707533554944472b486f38564f7739644f64734f6d6a72664470726a327735367639384e6c6e4f32486e7a70327735654f5034643133336f4669664377376442693272333844736a51616b2f4668624d355173383157475775302f5044504a364c492f6d7474454e7935796f633239464c72455352684834484c714e62395858684744797446685a326c3157496263356c3849424c6f7476725731566b626448574f7a635a767a613179307a6f434e5a343435764f34545746654e6f733746306a75633042433355644948476f3865554a3459386f6b614e5731776a656c70624372654463632f506f67374e71354334714c6932456639767437397577784566443232322f4461362b2f44736677756e4f6e54384f623242454f5153336f624b433857525230597954516d634b5378344545663363342f4b38656341666e6433304a476e2f456e4b753062362f6553474247627836454f6c7657657a743165316b686b63305338306d63566e742f595a795948756a30327450395a6c3070693735347035706a616f2b622f306e67656a4342735278693044685a374269626a4e5064623538513457587a43612f57673875446c775950526f386567725572567343794a557567655064754b432f4838502b7848686f77374775773537397935517038642b346348433070675150592b382f507a59565170524c6975467954386965777650646e3464385a45516f2b7479457a30712b75624b2b76766f4f32716e697a62562b625064614b614474456f474550675a30724a4442376c4a732b4e634b744a6362503563434161492f686f336f39455477446a61577a5051313575724e634f4451363971316e736c5a576e6f6f34322f4744784743676f7265517748652b424a376d4537324c746153453767353333562b343378475a4964696d566d504f47725073374742575341694d36743464346c793777346a2b6736414d52552b6e30304662573573704f7071616d714378735246753372774a3132707259516d32775a36592b78465544466b726e637957324c527331714272436c496870336830577369616b2f2f794c477376496361324c39467744482f6441544e61443567316f623245417a644c6848423069774e735739764e7348367066383262525845373331755373484c44777668467238354c6d724e355764714b77397636374b33377a712b366f784b4e2f77707a50682b48487765437254696e3264564f766938396f6c7647727a5a4837304e414432794b6c6d4b48564532394e7079564c58727a507059717942382f42625a2f5867785862395341775767416738454174322f664e68487777343062384f387676345369535a4d6831554674616e72364944495945583573734b4961594d386878377963564f7448704b674f766a65613033526a506a4865586f2b476f317133666f48346968474361454d79326e47614d357a6751504d7043647771552b702b4f6d4e642f324f5a65303374365943717867757539523256466e6f6a43716c754131615456414c6270635134694d6646394646757a596e54394c376e357568766e424b7a706964474d472b72687243796c63587957435351773651686b36446961426b30334b674851306348744c5330774f584c6c2b464d57526e552f7467415a34366667467974317151424f5779374c5a515a33355074516d4e6147433178446c464b52515a58706177797955705975393654474d382b6959597677624c3141594862752f437847504546492b564c4d7a4755464b6f5468714d4931413039667461384772324f337932784a314245694e354449546f66396f52393462523058382f2f6530626f506954595978544d776c526f694d6562376373495541696c734478354b7453755067423750766b4d76712b2b416e7139486d6f782f4574506e594c5435792f415871774f6558372b706d6c794141762f7a6e3247766d7a524e5a6c70676955663577343576386d2f6d377778326c74755448495151344564462f5a4845716a46787558325044523647654a564a4f49394e48534c2b6478414d784c3030797345626b354568592f41634663522b41666d65726845555046454e367433426b5737707447643534632b4a6e635845613563777033725145546c50687765784976344d436e59477770365a734a6f37554249535569436c6174587766666666322f53675a70724e5844395268306332627358786751476d6f596f427852444334514d5959335149494b45484e44774f6543457876667a346348594b414830382b4e444c3238527841665a51742b594a7941377842736d756c6a426d7a5a38654d4f57433174644f484169424b7444496f4672474f4a586f776c6363434c7769595159462f493475674335734d4c4879574a6a556f6a6a454870793545484f457a77494152674a596732664a7a3855726e474664346233675975767a34615a665a4e427870634148377338725459456c6939666a754e7771556b4c6a45596a6e44312b484c4b436738445277516d432b36524356476f714243536b514c6559564c414e5451424c6179553479446b5134633642736246386d4a556967723439654f416b34654b6f62516e707166487733764e5459456e2b414269554841444a595734513647774c38525a79474367575152622b3358517531356775467251454b55576c5875355736354e4458624c6f5574714448715234494149366f304171466e31524d444a54642f50436472685639516e736d4a594471517146616257494c2b43446a3438504c467930434d35664f41386471416b6e6a682b4430414266694d73654254764b72384c2b79687034746251614a687938426e30336e51465a51422f6f315630434c32514a49454b44526b7577507843615538494a3578475a53675778305a45774c694d4f4a715a6f4962506e45385a597258655472366476513364377a2b59415779756a68363343344f68675852385634447a77666a732f667851424d7652306e4e6266632f504967556e3646776246476a394e394457753962434358674b756162575967314f64517a636e4b4a685a67434e7947657a6476772f3865336a426f44455434587954446b34323647485039545a5963306b4875562f2b43463646786543576e414f526e6e494946706c4c59795362456e755a31694545494259376771576c4c6467715a53415453356f734c47517a35484c5842446e5866344b64514631704c5a4b41674d64766c45674534592b384f2f7751323867434a43464279754e74534248774e73327946355a5063355a42686f414443687965764b7939594652674b695272593244436d4c477763487765654c756f6f562f755a506a7733433134343167642f5050774e566a775252554d654c386341742f384365545a7130416f74545374446553793161634244496e5939546f544b53674a76334f7076686c525a44366b346162456f4a79466671486262343130742b6d784538424945474644626f32446a426f486871553250453574494f455970586954492f7748776247383959594d332b686161356d30506b516d4d36717847516f614f5274796439584471492b76774942337a305038713939423445746c344c7a67474d6953706f4f565247486157786a4e796d5532777743323578444465676173526b592b477373316e316c794e354d67583472507933375077553379714639556d3676444c4155524e7a67684165464b5a30687a43363131567a6c4e4949532f534554457a51494d555a662b3079447933586f49586e4d5a504a2f2f467079586e416662777050416a786b486a6c62644941336237564873634e59776868477338637067713061527249326d37624d55537a49784c366537737a4f4c73512b7a737679484557434f43436e79494375304a62784b68546c4d4c357133764b797a684d536979594d7570626b4867374c76444a416b35594d674a67393473524f42477a454770484962553038776c486b2f6c7a324f5a592f44574f4f567947614a4e4561457872777a3163497a4839384c2f72326e3133386e4162524571705263776e38425839546736327230506a5a2f7974354b496a736553305174577134416c4149784b415169734f436259593049704973757a454336546b6850714e4c5634306d4d684b474d67486847774141574454314e53326f636a4153686a684468346f63396b2f53484574434643487145396a6c6950684f5154556b5245737373652b4a304e70676f666c6232574a62586d577a5a505a4d5a6d4d7857696e4d5a4161505a676b6e6e6e6b5153757a364658522b464b57664c73546477756462306231722f6e696767662b427071783773434a322f2b6256537779645778774e517963637a343459777a3949646f696e4d30356e4d77425332785461613655462f526b777969345368624b684b4d633056584a77726c455972496a32456f726a3439787a654a6f2f72394366656c41627a59344d7234565a6c456f4678484962744d44594870444e507a3261624c66323737444a6c64746d6753574f6b35444242544758664863692b343237655876767a797544446c6b784b676f676f6c7273536c58344952756b775a6d676b382b673068727866706b4e5454354441444b566850347152454d644979476270385351726a347941384c3863415977454c4e2f432b564969316b6467425052685774435435585932493241364538486558545a6473316b7144474a686e384c574a59597a3732657a73306d38767a67424e41714730414f55574c44313453793030356b674a6a4d50467a4169527244336b706a6851316c6b3947466c635479375a67423739502b724539446c6746513074724d6e636444523562494e6b5a484d7544516d696a4f5a4b4b6179634f2f4e507576506a4f33636e4f3373466b657a7459572f5041472f70414c7072534a6b4a773439686a466456706a36736e7a4f5a71744776526a536d4e694e5a696659527a5053426a47687a50376c6a4d46666e3441752b342f7236424a594d67766a44475a4d5a3832505975754f69537a6b4a37497a42666d736a47597a777168473942514b77493750707a2f3874794a674b59374f4e56692b6a50474d6842786d334744573549537938422f48644745795334334f6c4b464c6177466f754b4e4b43554b35464d6a6669414336787169682f31736749344b6d4247786d4a6a456a5a37432b494a754a597a774c396337563650364d464371696e6749654f466861674932394c596a6c73723850415633625a693452466d6b49707a714778344e6b715153535a544b496c306b6858436f475830523376675463634d447a4a66595178485745494c45642b436774774d4e5341633432566d4472354144327a6d71512f55304a4d43323559326c634b525479712b564b43364e5370514b6c70524955614b426371514342534658484a64314f696b6a51535474682b456b6e7979637162657a746a4e594f4e6d434c6e716665743761314272464558492b2f6461537a2f663562454e4346424266433553376c38766a4e5570774f4658774269506b383450463565734b56627944454e56684167674e74705a48424e6a4c3357514b6875496d5077736358434541676f4939384935664c3363684759746e66696f41755247416c49784e5145776f7343626341613255426c6a555566556e344c39646b3835516946336375455741314a4156644d50562b423638664276384636634c4a4a334b794f387341414141415355564f524b35435949493d, 1, 2);
DELIMITER $$
CREATE TRIGGER `ondelete_accounts` BEFORE DELETE ON `accounts` FOR EACH ROW BEGIN
	DELETE FROM `bans` WHERE `type` = 3 AND `value` = OLD.`id`;
END
$$
DELIMITER ;

CREATE TABLE `auction_system` (
  `id` int(11) NOT NULL,
  `player` int(10) UNSIGNED DEFAULT NULL,
  `item_id` int(11) DEFAULT NULL,
  `item_name` varchar(255) DEFAULT NULL,
  `count` int(11) DEFAULT NULL,
  `cost` int(11) DEFAULT NULL,
  `date` int(11) DEFAULT NULL
) ENGINE=MyISAM DEFAULT CHARSET=latin1;

CREATE TABLE `bank` (
  `id` int(11) NOT NULL,
  `type` varchar(50) NOT NULL COMMENT 'deposit/withdraw/transfer/purchase',
  `account_id` int(11) NOT NULL,
  `player` varchar(50) NOT NULL,
  `value` int(11) NOT NULL DEFAULT '0',
  `date` timestamp NOT NULL DEFAULT CURRENT_TIMESTAMP,
  `to_player` varchar(50) DEFAULT NULL,
  `comment` varchar(250) DEFAULT NULL
) ENGINE=InnoDB DEFAULT CHARSET=latin1;

CREATE TABLE `bans` (
  `id` int(10) UNSIGNED NOT NULL,
  `type` int(11) NOT NULL COMMENT 'this field defines if its ip, account, player, or any else ban',
  `value` int(10) UNSIGNED NOT NULL COMMENT 'ip, player guid, account number',
  `param` int(10) UNSIGNED NOT NULL DEFAULT '0' COMMENT 'mask',
  `active` tinyint(1) NOT NULL DEFAULT '1',
  `expires` int(11) NOT NULL,
  `added` int(10) UNSIGNED NOT NULL,
  `admin_id` int(10) UNSIGNED DEFAULT NULL,
  `comment` varchar(1024) NOT NULL DEFAULT '',
  `reason` int(10) UNSIGNED NOT NULL DEFAULT '0',
  `action` int(10) UNSIGNED NOT NULL DEFAULT '0',
  `statement` varchar(255) NOT NULL DEFAULT ''
) ENGINE=InnoDB DEFAULT CHARSET=utf8;

CREATE TABLE `bounty_hunter` (
  `id` int(11) NOT NULL,
  `player_target` int(11) NOT NULL,
  `player_payer` int(11) NOT NULL,
  `money` int(11) NOT NULL DEFAULT '0',
  `finished` int(11) NOT NULL DEFAULT '0'
) ENGINE=InnoDB DEFAULT CHARSET=latin1;

CREATE TABLE `cams` (
  `id` int(11) NOT NULL,
  `player` int(10) UNSIGNED NOT NULL,
  `description` varchar(255) DEFAULT NULL,
  `file` varchar(255) NOT NULL,
  `downloads` int(11) NOT NULL DEFAULT '0'
) ENGINE=InnoDB DEFAULT CHARSET=latin1;

CREATE TABLE `characterauction` (
  `id` int(11) NOT NULL,
  `playerid` int(10) UNSIGNED NOT NULL,
  `price` int(11) NOT NULL,
  `status` varchar(40) NOT NULL,
  `oldid` int(10) UNSIGNED NOT NULL
) ENGINE=InnoDB DEFAULT CHARSET=latin1;

CREATE TABLE `cleanedhouses` (
  `houseid` int(11) NOT NULL,
  `date` timestamp NOT NULL DEFAULT CURRENT_TIMESTAMP
) ENGINE=InnoDB DEFAULT CHARSET=latin1;

CREATE TABLE `environment_killers` (
  `kill_id` int(10) UNSIGNED NOT NULL,
  `name` varchar(255) NOT NULL
) ENGINE=InnoDB DEFAULT CHARSET=utf8;

CREATE TABLE `event_log` (
  `function` varchar(50) NOT NULL,
  `time_ms` int(11) NOT NULL,
  `event_name` varchar(50) NOT NULL
) ENGINE=InnoDB DEFAULT CHARSET=latin1;

INSERT INTO `event_log` (`function`, `time_ms`) VALUES
('onKill', 0);

CREATE TABLE `exp_history` (
  `player_id` int(10) UNSIGNED NOT NULL,
  `current` int(11) NOT NULL DEFAULT '0',
  `day2` int(11) NOT NULL DEFAULT '0',
  `day3` int(11) NOT NULL DEFAULT '0',
  `day4` int(11) NOT NULL DEFAULT '0',
  `day5` int(11) NOT NULL DEFAULT '0',
  `day6` int(11) NOT NULL DEFAULT '0',
  `day7` int(11) NOT NULL DEFAULT '0'
) ENGINE=InnoDB DEFAULT CHARSET=latin1;

INSERT INTO `exp_history` (`player_id`, `current`, `day2`, `day3`, `day4`, `day5`, `day6`, `day7`) VALUES
(74622, 0, 0, 0, 0, 0, 0, 0),
(74623, 0, 0, 0, 0, 0, 0, 0),
(74624, 0, 0, 0, 0, 0, 0, 0),
(74625, 0, 0, 0, 0, 0, 0, 0),
(74626, 0, 0, 0, 0, 0, 0, 0),
(74627, 0, 0, 0, 0, 0, 0, 0);

CREATE TABLE `global_storage` (
  `key` int(10) UNSIGNED NOT NULL,
  `value` int(11) NOT NULL
) ENGINE=InnoDB DEFAULT CHARSET=utf8;

CREATE TABLE `groups` (
  `id` int(10) UNSIGNED NOT NULL,
  `name` varchar(255) NOT NULL COMMENT 'group name',
  `flags` bigint(20) UNSIGNED NOT NULL DEFAULT '0',
  `access` int(11) NOT NULL DEFAULT '0',
  `violation` int(11) NOT NULL DEFAULT '0',
  `maxdepotitems` int(11) NOT NULL,
  `maxviplist` int(11) NOT NULL
) ENGINE=InnoDB DEFAULT CHARSET=utf8;

INSERT INTO `groups` (`id`, `name`, `flags`, `access`, `violation`, `maxdepotitems`, `maxviplist`) VALUES
(1, 'Player', 0, 0, 0, 2000, 100),
(2, 'Tutor', 16777216, 0, 0, 2000, 100),
(3, 'Senior Tutor', 8796109897728, 0, 0, 2000, 100),
(4, 'Gamemaster', 15811415236879, 2, 0, 1000, 100),
(5, 'God', 1096894357496, 3, 0, 2000, 100);

CREATE TABLE `guilds` (
  `id` int(10) UNSIGNED NOT NULL,
  `name` varchar(255) NOT NULL,
  `owner_id` int(10) UNSIGNED NOT NULL,
  `creationdate` int(11) NOT NULL,
  `description` varchar(255) NOT NULL DEFAULT '',
  `guild_logo` mediumblob,
  `create_ip` varchar(30) NOT NULL DEFAULT '0',
  `balance` bigint(20) UNSIGNED NOT NULL DEFAULT '0',
  `world_id` int(11) NOT NULL DEFAULT '0',
  `motd` varchar(255) NOT NULL DEFAULT '',
  `logo_gfx_name` varchar(255) DEFAULT NULL,
  `last_execute_points` int(11) NOT NULL DEFAULT '0'
) ENGINE=InnoDB DEFAULT CHARSET=utf8;
DELIMITER $$
CREATE TRIGGER `oncreate_guilds` AFTER INSERT ON `guilds` FOR EACH ROW BEGIN
	INSERT INTO `guild_ranks` (`name`, `level`, `guild_id`) VALUES ('Leader', 3, NEW.`id`);
	INSERT INTO `guild_ranks` (`name`, `level`, `guild_id`) VALUES ('Vice-Leader', 2, NEW.`id`);
	INSERT INTO `guild_ranks` (`name`, `level`, `guild_id`) VALUES ('Member', 1, NEW.`id`);
END
$$
DELIMITER ;

CREATE TABLE `guild_invites` (
  `player_id` int(10) UNSIGNED NOT NULL,
  `guild_id` int(10) UNSIGNED NOT NULL COMMENT 'guild'
) ENGINE=InnoDB DEFAULT CHARSET=utf8;

CREATE TABLE `guild_kills` (
  `id` int(11) NOT NULL,
  `war_id` int(11) NOT NULL,
  `opponent_id` int(11) NOT NULL,
  `opponent_guild` int(11) NOT NULL,
  `playerid` int(11) NOT NULL,
  `guildid` int(11) NOT NULL,
  `date` timestamp NOT NULL DEFAULT CURRENT_TIMESTAMP
) ENGINE=InnoDB DEFAULT CHARSET=latin1;

CREATE TABLE `guild_members` (
  `player_id` int(10) UNSIGNED NOT NULL COMMENT 'if you doesnt use new guild system you are free to delete this table',
  `rank_id` int(10) UNSIGNED NOT NULL COMMENT 'a rank which belongs to certain guild',
  `nick` varchar(255) NOT NULL DEFAULT ''
) ENGINE=InnoDB DEFAULT CHARSET=utf8;

CREATE TABLE `guild_ranks` (
  `id` int(10) UNSIGNED NOT NULL,
  `guild_id` int(10) UNSIGNED NOT NULL COMMENT 'guild',
  `name` varchar(255) NOT NULL COMMENT 'rank name',
  `level` int(11) NOT NULL COMMENT 'rank level - leader, vice leader, member, maybe something else'
) ENGINE=InnoDB DEFAULT CHARSET=utf8;

CREATE TABLE `guild_wars` (
  `id` int(10) UNSIGNED NOT NULL,
  `guild_id` int(10) UNSIGNED NOT NULL COMMENT 'the guild which declared the war',
  `opponent_id` int(10) UNSIGNED NOT NULL COMMENT 'the enemy guild at war',
  `frag_limit` int(10) UNSIGNED NOT NULL DEFAULT '10' COMMENT 'kills needed to win the war',
  `declaration_date` int(10) UNSIGNED NOT NULL,
  `end_date` int(10) UNSIGNED NOT NULL,
  `guild_fee` int(10) UNSIGNED NOT NULL DEFAULT '1000' COMMENT 'amount of money the guild has to pay if loses the war',
  `opponent_fee` int(10) UNSIGNED NOT NULL DEFAULT '1000' COMMENT 'amount of money the enemy guild has to pay if loses the war',
  `guild_frags` int(10) UNSIGNED NOT NULL DEFAULT '0',
  `opponent_frags` int(10) UNSIGNED NOT NULL DEFAULT '0',
  `comment` varchar(255) NOT NULL DEFAULT '' COMMENT 'the guild leader can leave a message for the other guild',
  `status` int(11) NOT NULL DEFAULT '0' COMMENT '-1 -> will be ignored (finished or unaccepted) 0 -> to be started 1 -> started/not finished'
) ENGINE=InnoDB DEFAULT CHARSET=latin1;

CREATE TABLE `houses` (
  `id` int(10) UNSIGNED NOT NULL,
  `townid` int(10) UNSIGNED NOT NULL DEFAULT '0',
  `name` varchar(100) NOT NULL,
  `rent` int(10) UNSIGNED NOT NULL DEFAULT '0',
  `guildhall` tinyint(1) NOT NULL DEFAULT '0',
  `tiles` int(10) UNSIGNED NOT NULL DEFAULT '0',
  `doors` int(10) UNSIGNED NOT NULL DEFAULT '0',
  `beds` int(10) UNSIGNED NOT NULL DEFAULT '0',
  `owner` int(11) NOT NULL DEFAULT '0',
  `paid` int(10) UNSIGNED NOT NULL DEFAULT '0',
  `clear` tinyint(1) NOT NULL DEFAULT '0',
  `warnings` int(11) NOT NULL DEFAULT '0',
  `lastwarning` int(10) UNSIGNED NOT NULL DEFAULT '0',
  `world_id` int(11) NOT NULL DEFAULT '0',
  `price` int(11) DEFAULT NULL
) ENGINE=InnoDB DEFAULT CHARSET=utf8;

INSERT INTO `houses` (`id`, `townid`, `name`, `rent`, `guildhall`, `tiles`, `doors`, `beds`, `owner`, `paid`, `clear`, `warnings`, `lastwarning`, `world_id`, `price`) VALUES
(3, 3, 'Warriors Guildhall', 89600, 1, 448, 17, 11, 0, 0, 0, 0, 0, 0, NULL),
(4, 3, 'Harbour Place 2 (Shop)', 6400, 0, 32, 3, 1, 0, 0, 0, 0, 1471851626, 0, NULL),
(5, 3, 'Harbour Place 1 (Shop)', 5400, 0, 27, 3, 0, 0, 1472940623, 0, 0, 1471117103, 0, NULL),
(6, 3, 'Sunset Homes, Flat 01', 2600, 0, 13, 1, 1, 0, 1472929822, 0, 0, 1471717403, 0, NULL),
(7, 3, 'Sunset Homes, Flat 02', 2600, 0, 13, 1, 1, 0, 0, 0, 0, 0, 0, NULL),
(8, 3, 'Sunset Homes, Flat 03', 2600, 0, 13, 1, 1, 0, 0, 0, 0, 0, 0, NULL),
(9, 3, 'Sunset Homes, Flat 11', 2800, 0, 14, 1, 1, 0, 0, 0, 0, 0, 0, NULL),
(10, 3, 'Sunset Homes, Flat 12', 3000, 0, 15, 1, 1, 0, 0, 0, 0, 0, 0, NULL),
(11, 3, 'Sunset Homes, Flat 13', 3800, 0, 19, 1, 2, 0, 0, 0, 0, 0, 0, NULL),
(12, 3, 'Sunset Homes, Flat 14', 2600, 0, 13, 1, 1, 0, 0, 0, 0, 0, 0, NULL),
(13, 3, 'Sunset Homes, Flat 21', 2600, 0, 13, 1, 1, 0, 0, 0, 0, 0, 0, NULL),
(14, 3, 'Sunset Homes, Flat 22', 3000, 0, 15, 1, 1, 0, 0, 0, 0, 0, 0, NULL),
(15, 3, 'Sunset Homes, Flat 23', 3800, 0, 19, 1, 2, 0, 0, 0, 0, 0, 0, NULL),
(16, 3, 'Sunset Homes, Flat 24', 3000, 0, 15, 1, 1, 0, 0, 0, 0, 0, 0, NULL),
(17, 3, 'Beach Home Apartments, Flat 01', 2600, 0, 13, 1, 1, 0, 0, 0, 0, 0, 0, NULL),
(18, 3, 'Beach Home Apartments, Flat 02', 2600, 0, 13, 1, 1, 0, 0, 0, 0, 0, 0, NULL),
(19, 3, 'Beach Home Apartments, Flat 03', 2600, 0, 13, 1, 1, 0, 0, 0, 0, 0, 0, NULL),
(20, 3, 'Beach Home Apartments, Flat 04', 2600, 0, 13, 1, 1, 0, 0, 0, 0, 0, 0, NULL),
(21, 3, 'Beach Home Apartments, Flat 05', 2600, 0, 13, 1, 1, 0, 0, 0, 0, 0, 0, NULL),
(22, 3, 'Beach Home Apartments, Flat 11', 2600, 0, 13, 1, 1, 0, 0, 0, 0, 0, 0, NULL),
(23, 3, 'Beach Home Apartments, Flat 12', 3200, 0, 16, 1, 1, 0, 0, 0, 0, 0, 0, NULL),
(24, 3, 'Beach Home Apartments, Flat 13', 3200, 0, 16, 1, 1, 0, 0, 0, 0, 0, 0, NULL),
(25, 3, 'Beach Home Apartments, Flat 14', 1600, 0, 8, 1, 1, 0, 0, 0, 0, 0, 0, NULL),
(26, 3, 'Beach Home Apartments, Flat 15', 1400, 0, 7, 1, 1, 0, 0, 0, 0, 0, 0, NULL),
(27, 3, 'Beach Home Apartments, Flat 06', 3800, 0, 19, 1, 2, 0, 0, 0, 0, 0, 0, NULL),
(28, 3, 'Beach Home Apartments, Flat 16', 4000, 0, 20, 1, 2, 0, 0, 0, 0, 0, 0, NULL),
(29, 3, 'Sorcerer\'s Avenue 1a', 4200, 0, 21, 1, 2, 0, 0, 0, 0, 0, 0, NULL),
(30, 3, 'Sorcerer\'s Avenue 1b', 3400, 0, 17, 1, 2, 0, 0, 0, 0, 0, 0, NULL),
(31, 3, 'Sorcerer\'s Avenue 1c', 4800, 0, 24, 1, 2, 0, 0, 0, 0, 0, 0, NULL),
(32, 3, 'Sorcerer\'s Avenue 5', 11000, 0, 55, 2, 1, 0, 0, 0, 0, 0, 0, NULL),
(33, 3, 'Spiritkeep', 116200, 1, 581, 19, 23, 0, 0, 0, 0, 0, 0, NULL),
(34, 3, 'Snake Tower', 166400, 1, 832, 29, 21, 0, 0, 0, 0, 0, 0, NULL),
(35, 3, 'Thais Clanhall', 60000, 1, 300, 12, 10, 0, 0, 0, 0, 0, 0, NULL),
(37, 3, 'Upper Swamp Lane 2', 25200, 0, 126, 7, 4, 0, 0, 0, 0, 0, 0, NULL),
(38, 3, 'Lower Swamp Lane 4', 25600, 0, 128, 7, 4, 0, 0, 0, 0, 0, 0, NULL),
(39, 3, 'Lower Swamp Lane 2', 24600, 0, 123, 7, 4, 0, 0, 0, 0, 0, 0, NULL),
(40, 3, 'Lower Swamp Lane 3', 24200, 0, 121, 7, 4, 0, 0, 0, 0, 0, 0, NULL),
(41, 3, 'Alai Flats, Flat 01', 3400, 0, 17, 1, 1, 0, 0, 0, 0, 0, 0, NULL),
(42, 3, 'Alai Flats, Flat 02', 3400, 0, 17, 1, 1, 0, 0, 0, 0, 0, 0, NULL),
(43, 3, 'Alai Flats, Flat 04', 3400, 0, 17, 1, 1, 0, 1472618424, 0, 1, 1471380059, 0, NULL),
(44, 3, 'Alai Flats, Flat 03', 3400, 0, 17, 1, 1, 0, 0, 0, 0, 0, 0, NULL),
(45, 3, 'Alai Flats, Flat 08', 3400, 0, 17, 1, 1, 0, 0, 0, 0, 0, 0, NULL),
(46, 3, 'Alai Flats, Flat 07', 3400, 0, 17, 1, 1, 0, 0, 0, 0, 1472096424, 0, NULL),
(47, 3, 'Alai Flats, Flat 06', 5800, 0, 29, 1, 2, 0, 0, 0, 0, 0, 0, NULL),
(48, 3, 'Alai Flats, Flat 05', 5000, 0, 25, 1, 2, 0, 0, 0, 0, 0, 0, NULL),
(49, 3, 'Alai Flats, Flat 12', 3600, 0, 18, 1, 1, 0, 0, 0, 0, 0, 0, NULL),
(50, 3, 'Alai Flats, Flat 11', 3400, 0, 17, 1, 1, 0, 0, 0, 0, 0, 0, NULL),
(51, 3, 'Alai Flats, Flat 14', 4000, 0, 20, 2, 1, 0, 0, 0, 0, 0, 0, NULL),
(52, 3, 'Alai Flats, Flat 15', 6000, 0, 30, 2, 2, 0, 0, 0, 0, 0, 0, NULL),
(53, 3, 'Alai Flats, Flat 16', 6000, 0, 30, 2, 2, 0, 0, 0, 0, 0, 0, NULL),
(54, 3, 'Alai Flats, Flat 17', 4200, 0, 21, 2, 1, 0, 0, 0, 0, 0, 0, NULL),
(56, 3, 'Alai Flats, Flat 13', 3600, 0, 18, 1, 1, 0, 0, 0, 0, 0, 0, NULL),
(57, 3, 'Alai Flats, Flat 22', 3400, 0, 17, 1, 1, 0, 0, 0, 0, 0, 0, NULL),
(58, 3, 'Alai Flats, Flat 21', 3400, 0, 17, 1, 1, 0, 0, 0, 0, 0, 0, NULL),
(59, 3, 'Alai Flats, Flat 24', 4000, 0, 20, 2, 1, 0, 0, 0, 0, 0, 0, NULL),
(60, 3, 'Alai Flats, Flat 25', 6000, 0, 30, 2, 2, 0, 0, 0, 0, 0, 0, NULL),
(61, 3, 'Alai Flats, Flat 26', 6000, 0, 30, 2, 2, 0, 0, 0, 0, 0, 0, NULL),
(62, 3, 'Alai Flats, Flat 27', 4000, 0, 20, 2, 1, 0, 0, 0, 0, 1472092824, 0, NULL),
(63, 3, 'Alai Flats, Flat 28', 4000, 0, 20, 2, 1, 0, 0, 0, 0, 0, 0, NULL),
(64, 3, 'Alai Flats, Flat 23', 3400, 0, 17, 1, 1, 0, 0, 0, 0, 0, 0, NULL),
(65, 3, 'Farm Lane, 1st floor (Shop)', 4800, 0, 24, 1, 0, 0, 0, 0, 0, 1471851626, 0, NULL),
(66, 3, 'Farm Lane, Basement (Shop)', 5200, 0, 26, 1, 0, 0, 0, 0, 0, 0, 0, NULL),
(67, 3, 'Farm Lane, 2nd Floor (Shop)', 4800, 0, 24, 1, 0, 0, 0, 0, 0, 0, 0, NULL),
(68, 3, 'Main Street 9, 1st floor (Shop)', 7000, 0, 35, 3, 0, 0, 1471941645, 0, 7, 1472465100, 0, NULL),
(69, 3, 'Main Street 9a, 2nd floor (Shop)', 4200, 0, 21, 1, 0, 0, 0, 0, 0, 0, 0, NULL),
(70, 3, 'Main Street 9b, 2nd floor (Shop)', 6000, 0, 30, 2, 0, 0, 0, 0, 0, 0, 0, NULL),
(71, 3, 'Upper Swamp Lane 8', 31600, 0, 158, 4, 3, 0, 0, 0, 0, 0, 0, NULL),
(72, 3, 'Upper Swamp Lane 10', 6400, 0, 32, 1, 3, 0, 0, 0, 0, 0, 0, NULL),
(73, 3, 'Upper Swamp Lane 12', 17600, 0, 88, 5, 3, 0, 0, 0, 0, 0, 0, NULL),
(74, 3, 'The City Wall 9', 4200, 0, 21, 1, 2, 0, 0, 0, 0, 0, 0, NULL),
(75, 3, 'Southern Thais Guildhall', 93400, 1, 467, 20, 16, 0, 0, 0, 0, 0, 0, NULL),
(76, 3, 'The City Wall 7g', 3000, 0, 15, 1, 1, 0, 0, 0, 0, 0, 0, NULL),
(77, 3, 'The City Wall 7e', 3800, 0, 19, 1, 2, 0, 0, 0, 0, 0, 0, NULL),
(78, 3, 'The City Wall 7c', 3400, 0, 17, 1, 2, 0, 0, 0, 0, 0, 0, NULL),
(79, 3, 'The City Wall 7a', 2600, 0, 13, 1, 1, 0, 0, 0, 0, 0, 0, NULL),
(80, 3, 'The City Wall 7d', 3400, 0, 17, 1, 2, 0, 0, 0, 0, 0, 0, NULL),
(81, 3, 'The City Wall 7f', 3400, 0, 17, 1, 2, 0, 0, 0, 0, 0, 0, NULL),
(82, 3, 'The City Wall 7b', 2600, 0, 13, 1, 1, 0, 0, 0, 0, 0, 0, NULL),
(83, 3, 'The City Wall 7h', 2600, 0, 13, 1, 1, 0, 0, 0, 0, 0, 0, NULL),
(84, 3, 'The City Wall 5e', 2600, 0, 13, 1, 1, 0, 0, 0, 0, 0, 0, NULL),
(85, 3, 'The City Wall 5c', 2600, 0, 13, 1, 1, 0, 0, 0, 0, 0, 0, NULL),
(86, 3, 'The City Wall 5a', 2600, 0, 13, 1, 1, 0, 0, 0, 0, 0, 0, NULL),
(87, 3, 'The City Wall 5f', 2600, 0, 13, 1, 1, 0, 0, 0, 0, 0, 0, NULL),
(88, 3, 'The City Wall 5d', 2600, 0, 13, 1, 1, 0, 0, 0, 0, 0, 0, NULL),
(89, 3, 'The City Wall 5b', 2600, 0, 13, 1, 1, 0, 0, 0, 0, 0, 0, NULL),
(90, 3, 'The City Wall 3a', 4200, 0, 21, 1, 2, 0, 0, 0, 0, 0, 0, NULL),
(91, 3, 'The City Wall 3b', 4200, 0, 21, 1, 2, 0, 0, 0, 0, 0, 0, NULL),
(92, 3, 'The City Wall 3c', 4200, 0, 21, 1, 2, 0, 0, 0, 0, 0, 0, NULL),
(93, 3, 'The City Wall 3d', 4200, 0, 21, 1, 2, 0, 0, 0, 0, 0, 0, NULL),
(94, 3, 'The City Wall 3e', 4200, 0, 21, 1, 2, 0, 0, 0, 0, 0, 0, NULL),
(95, 3, 'The City Wall 3f', 4200, 0, 21, 1, 2, 0, 0, 0, 0, 0, 0, NULL),
(96, 3, 'The City Wall 1a', 5200, 0, 26, 1, 2, 0, 0, 0, 0, 0, 0, NULL),
(97, 3, 'The City Wall 1b', 5200, 0, 26, 1, 2, 0, 0, 0, 0, 0, 0, NULL),
(98, 3, 'Mill Avenue 3', 5200, 0, 26, 1, 2, 0, 1472690424, 0, 4, 1472080224, 0, NULL),
(99, 3, 'Mill Avenue 4', 5200, 0, 26, 1, 2, 0, 0, 0, 0, 0, 0, NULL),
(100, 3, 'Mill Avenue 5', 13600, 0, 68, 4, 4, 0, 0, 0, 0, 1472047824, 0, NULL),
(101, 3, 'Mill Avenue 2 (Shop)', 9800, 0, 49, 4, 2, 0, 1472607624, 0, 0, 1471394568, 0, NULL),
(102, 3, 'Mill Avenue 1 (Shop)', 6600, 0, 33, 3, 1, 0, 0, 0, 0, 0, 0, NULL),
(103, 3, 'Castle of Greenshore', 85000, 1, 425, 14, 12, 0, 0, 0, 0, 0, 0, NULL),
(104, 3, 'Greenshore Clanhall', 47400, 1, 237, 11, 10, 0, 0, 0, 0, 0, 0, NULL),
(105, 3, 'Greenshore Village, Villa', 46000, 0, 230, 8, 4, 0, 0, 0, 0, 0, 0, NULL),
(106, 3, 'Greenshore Village 1', 7400, 0, 37, 1, 3, 0, 0, 0, 0, 0, 0, NULL),
(109, 3, 'Greenshore Village, Shop', 7400, 0, 37, 5, 1, 0, 0, 0, 0, 0, 0, NULL),
(112, 3, 'Greenshore Village 7', 4200, 0, 21, 1, 1, 0, 0, 0, 0, 0, 0, NULL),
(113, 3, 'The Tibianic', 151200, 1, 756, 10, 22, 0, 0, 0, 0, 0, 0, NULL),
(114, 3, 'Halls of the Adventurers', 80200, 1, 401, 14, 18, 0, 0, 0, 0, 0, 0, NULL),
(115, 3, 'Dark Mansion', 95600, 0, 478, 13, 17, 0, 0, 0, 0, 0, 0, NULL),
(116, 3, 'Bloodhall', 92200, 1, 461, 15, 16, 0, 0, 0, 0, 0, 0, NULL),
(117, 4, 'Dagger Alley 1', 15000, 0, 75, 2, 2, 0, 0, 0, 0, 0, 0, NULL),
(120, 4, 'Blessed Shield Guildhall', 47200, 1, 236, 8, 9, 0, 0, 0, 0, 0, 0, NULL),
(121, 4, 'Steel Home', 72200, 1, 361, 10, 13, 0, 0, 0, 0, 0, 0, NULL),
(122, 4, 'Iron Alley 1', 14600, 0, 73, 2, 4, 0, 0, 0, 0, 0, 0, NULL),
(123, 4, 'Iron Alley 2', 15000, 0, 75, 2, 4, 0, 0, 0, 0, 0, 0, NULL),
(124, 4, 'Swamp Watch', 64400, 0, 322, 12, 12, 0, 0, 0, 0, 0, 0, NULL),
(125, 4, 'Golden Axe Guildhall', 54600, 1, 273, 12, 10, 0, 0, 0, 0, 0, 0, NULL),
(126, 4, 'Silver Street 1', 16400, 0, 82, 2, 1, 0, 0, 0, 0, 0, 0, NULL),
(127, 4, 'Silver Street 2', 10800, 0, 54, 2, 1, 0, 0, 0, 0, 0, 0, NULL),
(128, 4, 'Silver Street 3', 9600, 0, 48, 2, 1, 0, 0, 0, 0, 0, 0, NULL),
(129, 4, 'Silver Street 4', 20800, 0, 104, 4, 2, 0, 0, 0, 0, 0, 0, NULL),
(130, 4, 'Market Street 6', 32000, 0, 160, 5, 5, 0, 0, 0, 0, 0, 0, NULL),
(131, 4, 'Loot Lane 1 (Shop)', 32200, 0, 161, 7, 3, 0, 0, 0, 0, 0, 0, NULL),
(132, 4, 'Mystic Lane 2', 19800, 0, 99, 2, 2, 0, 0, 0, 0, 0, 0, NULL),
(133, 4, 'Mystic Lane 1', 16400, 0, 82, 4, 3, 0, 0, 0, 0, 0, 0, NULL),
(134, 4, 'Market Street 4 (Shop)', 26400, 0, 132, 7, 3, 0, 1472073038, 0, 6, 1472424022, 0, NULL),
(135, 4, 'Market Street 5 (Shop)', 31400, 0, 157, 5, 4, 0, 0, 0, 0, 0, 0, NULL),
(136, 4, 'Market Street 3', 19000, 0, 95, 3, 2, 0, 0, 0, 0, 0, 0, NULL),
(137, 4, 'Market Street 2', 28800, 0, 144, 5, 3, 0, 0, 0, 0, 0, 0, NULL),
(138, 4, 'Market Street 1', 33000, 0, 165, 5, 3, 0, 0, 0, 0, 0, 0, NULL),
(139, 4, 'Old Lighthouse', 21200, 0, 106, 1, 2, 0, 0, 0, 0, 0, 0, NULL),
(140, 4, 'Seagull Walk 1', 29600, 0, 148, 6, 2, 0, 1472262030, 0, 5, 1472438422, 0, NULL),
(141, 4, 'Seagull Walk 2', 15000, 0, 75, 4, 3, 0, 0, 0, 0, 0, 0, NULL),
(142, 4, 'Dream Street 4', 22800, 0, 114, 5, 4, 0, 0, 0, 0, 0, 0, NULL),
(143, 4, 'Elm Street 2', 15600, 0, 78, 2, 2, 0, 0, 0, 0, 0, 0, NULL),
(144, 4, 'Elm Street 4', 15400, 0, 77, 2, 2, 0, 0, 0, 0, 0, 0, NULL),
(145, 4, 'Elm Street 1', 18000, 0, 90, 2, 2, 0, 0, 0, 0, 0, 0, NULL),
(146, 4, 'Elm Street 3', 14200, 0, 71, 1, 3, 0, 0, 0, 0, 0, 0, NULL),
(147, 4, 'Dream Street 3', 18600, 0, 93, 2, 2, 0, 0, 0, 0, 0, 0, NULL),
(148, 4, 'Dream Street 2', 21400, 0, 107, 4, 2, 0, 0, 0, 0, 0, 0, NULL),
(149, 4, 'Dream Street 1 (Shop)', 25800, 0, 129, 6, 2, 0, 0, 0, 0, 0, 0, NULL),
(150, 4, 'Salvation Street 1 (Shop)', 34600, 0, 173, 7, 4, 0, 0, 0, 0, 0, 0, NULL),
(151, 4, 'Lucky Lane 1 (Shop)', 37000, 0, 185, 6, 4, 0, 0, 0, 0, 0, 0, NULL),
(152, 4, 'Salvation Street 2', 17600, 0, 88, 2, 2, 0, 0, 0, 0, 0, 0, NULL),
(153, 4, 'Salvation Street 3', 18400, 0, 92, 2, 2, 0, 0, 0, 0, 0, 0, NULL),
(154, 4, 'Valorous Venore', 80400, 1, 402, 15, 9, 0, 0, 0, 0, 0, 0, NULL),
(155, 4, 'Paupers Palace, Flat 06', 2400, 0, 12, 1, 1, 0, 0, 0, 0, 0, 0, NULL),
(156, 4, 'Paupers Palace, Flat 05', 2400, 0, 12, 1, 1, 0, 0, 0, 0, 0, 0, NULL),
(157, 4, 'Paupers Palace, Flat 04', 2400, 0, 12, 1, 1, 0, 0, 0, 0, 0, 0, NULL),
(158, 4, 'Paupers Palace, Flat 03', 3000, 0, 15, 1, 1, 0, 0, 0, 0, 0, 0, NULL),
(159, 4, 'Paupers Palace, Flat 07', 3600, 0, 18, 1, 2, 0, 0, 0, 0, 0, 0, NULL),
(160, 4, 'Paupers Palace, Flat 02', 3600, 0, 18, 1, 1, 0, 0, 0, 0, 0, 0, NULL),
(161, 4, 'Paupers Palace, Flat 01', 3000, 0, 15, 1, 1, 0, 0, 0, 0, 0, 0, NULL),
(162, 4, 'Paupers Palace, Flat 11', 2400, 0, 12, 1, 1, 0, 0, 0, 0, 0, 0, NULL),
(163, 4, 'Paupers Palace, Flat 13', 2400, 0, 12, 1, 1, 0, 0, 0, 0, 0, 0, NULL),
(164, 4, 'Paupers Palace, Flat 15', 2400, 0, 12, 1, 1, 0, 0, 0, 0, 0, 0, NULL),
(165, 4, 'Paupers Palace, Flat 17', 2400, 0, 12, 1, 1, 0, 0, 0, 0, 0, 0, NULL),
(166, 4, 'Paupers Palace, Flat 18', 2400, 0, 12, 1, 1, 0, 0, 0, 0, 0, 0, NULL),
(167, 4, 'Paupers Palace, Flat 12', 3600, 0, 18, 1, 2, 0, 0, 0, 0, 0, 0, NULL),
(168, 4, 'Paupers Palace, Flat 14', 3000, 0, 15, 1, 1, 0, 0, 0, 0, 0, 0, NULL),
(169, 4, 'Paupers Palace, Flat 16', 3000, 0, 15, 1, 1, 0, 0, 0, 0, 0, 0, NULL),
(170, 4, 'Paupers Palace, Flat 28', 2400, 0, 12, 1, 1, 0, 0, 0, 0, 0, 0, NULL),
(171, 4, 'Paupers Palace, Flat 26', 2400, 0, 12, 1, 1, 0, 0, 0, 0, 0, 0, NULL),
(172, 4, 'Paupers Palace, Flat 24', 2400, 0, 12, 1, 1, 0, 0, 0, 0, 0, 0, NULL),
(173, 4, 'Paupers Palace, Flat 22', 2400, 0, 12, 1, 1, 0, 0, 0, 0, 0, 0, NULL),
(174, 4, 'Paupers Palace, Flat 21', 2400, 0, 12, 1, 1, 0, 0, 0, 0, 0, 0, NULL),
(175, 4, 'Paupers Palace, Flat 27', 4600, 0, 23, 1, 2, 0, 0, 0, 0, 0, 0, NULL),
(176, 4, 'Paupers Palace, Flat 25', 3600, 0, 18, 1, 1, 0, 0, 0, 0, 0, 0, NULL),
(177, 4, 'Paupers Palace, Flat 23', 3600, 0, 18, 1, 1, 0, 0, 0, 0, 0, 0, NULL),
(178, 4, 'Paupers Palace, Flat 34', 8400, 0, 42, 2, 2, 0, 0, 0, 0, 0, 0, NULL),
(179, 4, 'Paupers Palace, Flat 33', 5600, 0, 28, 2, 1, 0, 0, 0, 0, 0, 0, NULL),
(180, 4, 'Paupers Palace, Flat 32', 5400, 0, 27, 2, 2, 0, 0, 0, 0, 0, 0, NULL),
(181, 4, 'Paupers Palace, Flat 31', 5600, 0, 28, 1, 1, 0, 0, 0, 0, 0, 0, NULL),
(182, 5, 'Park Lane 1a', 5800, 0, 29, 1, 2, 0, 0, 0, 0, 0, 0, NULL),
(183, 5, 'Park Lane 3a', 5800, 0, 29, 1, 2, 0, 0, 0, 0, 0, 0, NULL),
(184, 5, 'Park Lane 1b', 6400, 0, 32, 2, 2, 0, 0, 0, 0, 0, 0, NULL),
(185, 5, 'Park Lane 3b', 5000, 0, 25, 1, 2, 0, 0, 0, 0, 0, 0, NULL),
(186, 5, 'Park Lane 2', 4400, 0, 22, 2, 2, 0, 0, 0, 0, 0, 0, NULL),
(187, 5, 'Park Lane 4', 4400, 0, 22, 2, 2, 0, 0, 0, 0, 0, 0, NULL),
(188, 5, 'Theater Avenue 14 (Shop)', 12400, 0, 62, 3, 1, 0, 0, 0, 0, 0, 0, NULL),
(189, 5, 'Magician\'s Alley 1', 4000, 0, 20, 1, 2, 0, 0, 0, 0, 0, 0, NULL),
(190, 5, 'Theater Avenue 12', 3800, 0, 19, 1, 2, 0, 0, 0, 0, 0, 0, NULL),
(191, 5, 'Theater Avenue 10', 4400, 0, 22, 1, 2, 0, 0, 0, 0, 0, 0, NULL),
(192, 5, 'Magician\'s Alley 1b', 2600, 0, 13, 1, 2, 0, 0, 0, 0, 0, 0, NULL),
(193, 5, 'Magician\'s Alley 1c', 2000, 0, 10, 1, 1, 0, 0, 0, 0, 0, 0, NULL),
(194, 5, 'Magician\'s Alley 1a', 2400, 0, 12, 1, 2, 0, 0, 0, 0, 0, 0, NULL),
(195, 5, 'Magician\'s Alley 1d', 1800, 0, 9, 1, 1, 0, 0, 0, 0, 0, 0, NULL),
(197, 5, 'Carlin Clanhall', 66200, 1, 331, 13, 10, 0, 0, 0, 0, 0, 0, NULL),
(198, 5, 'Magician\'s Alley 4', 10200, 0, 51, 1, 4, 0, 0, 0, 0, 0, 0, NULL),
(199, 5, 'Magician\'s Alley 8', 5200, 0, 26, 1, 2, 0, 1472782224, 0, 3, 1472114424, 0, NULL),
(201, 5, 'Lonely Sea Side Hostel', 75800, 0, 379, 11, 8, 0, 0, 0, 0, 0, 0, NULL),
(202, 5, 'Suntower', 69400, 1, 347, 14, 9, 0, 0, 0, 0, 0, 0, NULL),
(203, 5, 'Harbour Lane 3', 17600, 0, 88, 1, 3, 0, 1473064822, 0, 0, 1471217978, 0, NULL),
(204, 5, 'Harbour Flats, Flat 11', 3000, 0, 15, 1, 1, 0, 0, 0, 0, 0, 0, NULL),
(205, 5, 'Harbour Flats, Flat 13', 3000, 0, 15, 1, 1, 0, 0, 0, 0, 0, 0, NULL),
(206, 5, 'Harbour Flats, Flat 15', 3000, 0, 15, 1, 1, 0, 0, 0, 0, 0, 0, NULL),
(207, 5, 'Harbour Flats, Flat 17', 3000, 0, 15, 1, 1, 0, 0, 0, 0, 0, 0, NULL),
(208, 5, 'Harbour Flats, Flat 12', 3000, 0, 15, 1, 1, 0, 0, 0, 0, 0, 0, NULL),
(209, 5, 'Harbour Flats, Flat 14', 2400, 0, 12, 1, 1, 0, 0, 0, 0, 0, 0, NULL),
(210, 5, 'Harbour Flats, Flat 16', 2400, 0, 12, 1, 1, 0, 0, 0, 0, 1472096425, 0, NULL),
(211, 5, 'Harbour Flats, Flat 18', 3000, 0, 15, 1, 1, 0, 0, 0, 0, 0, 0, NULL),
(212, 5, 'Harbour Flats, Flat 21', 5400, 0, 27, 1, 2, 0, 0, 0, 0, 0, 0, NULL),
(213, 5, 'Harbour Flats, Flat 22', 5400, 0, 27, 1, 2, 0, 0, 0, 0, 0, 0, NULL),
(214, 5, 'Harbour Flats, Flat 23', 2400, 0, 12, 1, 1, 0, 0, 0, 0, 0, 0, NULL),
(215, 5, 'Harbour Lane 2a (Shop)', 4200, 0, 21, 3, 0, 0, 0, 0, 0, 0, 0, NULL),
(216, 5, 'Harbour Lane 2b (Shop)', 4200, 0, 21, 3, 0, 0, 0, 0, 0, 0, 0, NULL),
(217, 5, 'Theater Avenue 6e', 5200, 0, 26, 1, 2, 0, 0, 0, 0, 1471921825, 0, NULL),
(218, 5, 'Theater Avenue 6c', 1200, 0, 6, 1, 1, 0, 0, 0, 0, 0, 0, NULL),
(219, 5, 'Theater Avenue 6a', 4800, 0, 24, 1, 2, 0, 0, 0, 0, 0, 0, NULL),
(220, 5, 'Theater Avenue 6f', 5400, 0, 27, 1, 2, 0, 0, 0, 0, 0, 0, NULL),
(221, 5, 'Theater Avenue 6d', 2200, 0, 11, 1, 1, 0, 0, 0, 0, 0, 0, NULL),
(222, 5, 'Theater Avenue 6b', 4200, 0, 21, 1, 2, 0, 0, 0, 0, 0, 0, NULL),
(223, 5, 'East Lane 1a', 14000, 0, 70, 1, 2, 0, 0, 0, 0, 0, 0, NULL),
(224, 5, 'East Lane 1b', 9200, 0, 46, 1, 2, 0, 0, 0, 0, 0, 0, NULL),
(225, 5, 'East Lane 2', 27000, 0, 135, 2, 2, 0, 0, 0, 0, 0, 0, NULL),
(226, 5, 'Moonkeep', 79200, 1, 396, 13, 16, 0, 0, 0, 0, 0, 0, NULL),
(227, 5, 'Northern Street 7', 12800, 0, 64, 1, 2, 0, 0, 0, 0, 0, 0, NULL),
(228, 5, 'Northern Street 5', 15800, 0, 79, 1, 2, 0, 0, 0, 0, 0, 0, NULL),
(229, 5, 'Northern Street 3b', 4400, 0, 22, 1, 2, 0, 0, 0, 0, 0, 0, NULL),
(230, 5, 'Northern Street 3a', 4400, 0, 22, 1, 2, 0, 0, 0, 0, 0, 0, NULL),
(231, 5, 'Northern Street 1c', 4000, 0, 20, 1, 2, 0, 0, 0, 0, 0, 0, NULL),
(232, 5, 'Northern Street 1b', 6800, 0, 34, 1, 2, 0, 0, 0, 0, 0, 0, NULL),
(233, 5, 'Northern Street 1a', 6000, 0, 30, 1, 2, 0, 0, 0, 0, 0, 0, NULL),
(235, 5, 'Theater Avenue 5d', 2400, 0, 12, 1, 1, 0, 0, 0, 0, 0, 0, NULL),
(236, 5, 'Theater Avenue 5c', 2000, 0, 10, 1, 1, 0, 0, 0, 0, 0, 0, NULL),
(237, 5, 'Theater Avenue 5b', 2200, 0, 11, 1, 1, 0, 0, 0, 0, 0, 0, NULL),
(238, 5, 'Theater Avenue 5a', 2000, 0, 10, 1, 1, 0, 0, 0, 0, 0, 0, NULL),
(239, 5, 'Theater Avenue 7, Flat 06', 1400, 0, 7, 1, 1, 0, 0, 0, 0, 1471943425, 0, NULL),
(240, 5, 'Theater Avenue 7, Flat 05', 2000, 0, 10, 1, 1, 0, 0, 0, 0, 0, 0, NULL),
(241, 5, 'Theater Avenue 7, Flat 04', 2200, 0, 11, 1, 1, 0, 0, 0, 0, 0, 0, NULL),
(242, 5, 'Theater Avenue 7, Flat 03', 2000, 0, 10, 1, 1, 0, 0, 0, 0, 0, 0, NULL),
(243, 5, 'Theater Avenue 7, Flat 02', 2200, 0, 11, 1, 1, 0, 0, 0, 0, 0, 0, NULL),
(244, 5, 'Theater Avenue 7, Flat 01', 1400, 0, 7, 1, 1, 0, 0, 0, 0, 1472415022, 0, NULL),
(245, 5, 'Theater Avenue 7, Flat 16', 1800, 0, 9, 1, 1, 0, 0, 0, 0, 0, 0, NULL),
(246, 5, 'Theater Avenue 7, Flat 15', 2000, 0, 10, 1, 1, 0, 0, 0, 0, 0, 0, NULL),
(247, 5, 'Theater Avenue 7, Flat 14', 2200, 0, 11, 1, 1, 0, 0, 0, 0, 0, 0, NULL),
(248, 5, 'Theater Avenue 7, Flat 13', 3200, 0, 16, 1, 1, 0, 0, 0, 0, 0, 0, NULL),
(249, 5, 'Theater Avenue 7, Flat 12', 1800, 0, 9, 1, 1, 0, 0, 0, 0, 0, 0, NULL),
(250, 5, 'Theater Avenue 7, Flat 11', 2400, 0, 12, 1, 1, 0, 0, 0, 0, 0, 0, NULL),
(251, 5, 'Theater Avenue 8a', 5800, 0, 29, 1, 2, 0, 0, 0, 0, 1472242846, 0, NULL),
(252, 5, 'Theater Avenue 8b', 9600, 0, 48, 1, 3, 0, 0, 0, 0, 0, 0, NULL),
(253, 5, 'Harbour Lane 1 (Shop)', 10800, 0, 54, 3, 0, 0, 0, 0, 0, 0, 0, NULL),
(254, 5, 'Magician\'s Alley 5a', 1600, 0, 8, 1, 1, 0, 0, 0, 0, 0, 0, NULL),
(255, 5, 'Magician\'s Alley 5b', 2000, 0, 10, 1, 1, 0, 0, 0, 0, 0, 0, NULL),
(256, 5, 'Magician\'s Alley 5e', 2000, 0, 10, 1, 1, 0, 0, 0, 0, 0, 0, NULL),
(257, 5, 'Magician\'s Alley 5d', 2000, 0, 10, 1, 1, 0, 0, 0, 0, 0, 0, NULL),
(258, 5, 'Magician\'s Alley 5c', 4600, 0, 23, 1, 2, 0, 0, 0, 0, 0, 0, NULL),
(259, 5, 'Magician\'s Alley 5f', 6000, 0, 30, 1, 2, 0, 0, 0, 0, 0, 0, NULL),
(260, 5, 'Nordic Stronghold', 130600, 1, 653, 21, 21, 0, 0, 0, 0, 0, 0, NULL),
(261, 5, 'Northport Clanhall', 44800, 1, 224, 10, 10, 0, 0, 0, 0, 0, 0, NULL),
(262, 5, 'Northport Village 1', 7800, 0, 39, 1, 2, 0, 1472695824, 0, 0, 1471484136, 0, NULL),
(263, 5, 'Northport Village 2', 5600, 0, 28, 1, 2, 0, 0, 0, 0, 0, 0, NULL),
(264, 5, 'Northport Village 3', 25600, 0, 128, 2, 2, 0, 1472542825, 0, 0, 1471330177, 0, NULL),
(266, 5, 'Northport Village 4', 12000, 0, 60, 1, 2, 0, 0, 0, 0, 0, 0, NULL),
(267, 5, 'Northport Village 5', 8400, 0, 42, 1, 2, 0, 0, 0, 0, 0, 0, NULL),
(268, 5, 'Seawatch', 124200, 0, 621, 17, 19, 0, 0, 0, 0, 0, 0, NULL),
(270, 5, 'Northport Village 6', 7800, 0, 39, 1, 2, 0, 0, 0, 0, 0, 0, NULL),
(273, 5, 'Druids Retreat A', 7800, 0, 39, 1, 2, 0, 0, 0, 0, 0, 0, NULL),
(274, 5, 'Druids Retreat D', 8200, 0, 41, 1, 2, 0, 0, 0, 0, 0, 0, NULL),
(276, 5, 'Druids Retreat B', 7600, 0, 38, 1, 2, 0, 0, 0, 0, 0, 0, NULL),
(277, 5, 'Druids Retreat C', 7000, 0, 35, 1, 2, 0, 0, 0, 0, 0, 0, NULL),
(279, 5, 'House of Recreation', 122800, 1, 614, 15, 16, 0, 0, 0, 0, 0, 0, NULL),
(280, 1, 'Underwood 1', 7800, 0, 39, 1, 2, 0, 0, 0, 0, 0, 0, NULL),
(281, 1, 'Underwood 2', 7600, 0, 38, 1, 2, 0, 0, 0, 0, 0, 0, NULL),
(282, 1, 'Underwood 5', 6000, 0, 30, 1, 3, 0, 0, 0, 0, 0, 0, NULL),
(283, 1, 'Underwood 3', 8800, 0, 44, 1, 3, 0, 0, 0, 0, 0, 0, NULL),
(284, 1, 'Underwood 10', 3800, 0, 19, 1, 1, 0, 0, 0, 0, 0, 0, NULL),
(285, 1, 'Underwood 4', 9400, 0, 47, 1, 4, 0, 0, 0, 0, 0, 0, NULL),
(286, 1, 'Underwood 6', 7200, 0, 36, 1, 3, 0, 0, 0, 0, 0, 0, NULL),
(287, 1, 'Great Willow 1a', 2400, 0, 12, 1, 1, 0, 0, 0, 0, 0, 0, NULL),
(288, 1, 'Great Willow 1b', 3000, 0, 15, 1, 1, 0, 0, 0, 0, 0, 0, NULL),
(289, 1, 'Great Willow 1c', 3000, 0, 15, 1, 1, 0, 0, 0, 0, 0, 0, NULL),
(290, 1, 'Underwood 8', 4000, 0, 20, 1, 2, 0, 1471907451, 0, 7, 1472433022, 0, NULL),
(291, 1, 'Underwood 7', 6800, 0, 34, 1, 3, 0, 0, 0, 0, 1471025088, 0, NULL),
(292, 1, 'Underwood 9', 3800, 0, 19, 1, 1, 0, 0, 0, 0, 0, 0, NULL),
(293, 1, 'Ab\'Dendriel Clanhall', 74400, 1, 372, 11, 10, 0, 0, 0, 0, 0, 0, NULL),
(294, 1, 'Mangrove 4', 4000, 0, 20, 1, 2, 0, 0, 0, 0, 1471833627, 0, NULL),
(295, 1, 'Mangrove 3', 5000, 0, 25, 1, 2, 0, 0, 0, 0, 0, 0, NULL),
(296, 1, 'Mangrove 2', 6000, 0, 30, 1, 2, 0, 0, 0, 0, 0, 0, NULL),
(297, 1, 'Castle of the Winds', 130800, 1, 654, 21, 18, 0, 0, 0, 0, 0, 0, NULL),
(298, 1, 'Mangrove 1', 7200, 0, 36, 1, 3, 0, 0, 0, 0, 0, 0, NULL),
(299, 1, 'Shadow Towers', 116000, 1, 580, 16, 18, 0, 0, 0, 0, 0, 0, NULL),
(300, 1, 'Treetop 1', 3600, 0, 18, 1, 1, 0, 0, 0, 0, 0, 0, NULL),
(301, 1, 'Treetop 2', 3000, 0, 15, 1, 1, 0, 0, 0, 0, 0, 0, NULL),
(302, 1, 'Treetop 3 (Shop)', 7000, 0, 35, 1, 1, 0, 0, 0, 0, 0, 0, NULL),
(303, 1, 'Treetop 4 (Shop)', 6600, 0, 33, 2, 1, 0, 0, 0, 0, 0, 0, NULL),
(304, 1, 'Treetop 5 (Shop)', 8000, 0, 40, 3, 1, 0, 0, 0, 0, 0, 0, NULL),
(305, 1, 'Treetop 6', 3600, 0, 18, 1, 1, 0, 0, 0, 0, 0, 0, NULL),
(306, 1, 'Treetop 7', 4600, 0, 23, 1, 1, 0, 0, 0, 0, 0, 0, NULL),
(307, 1, 'Treetop 10', 4600, 0, 23, 1, 2, 0, 0, 0, 0, 0, 0, NULL),
(308, 1, 'Treetop 9', 4800, 0, 24, 1, 2, 0, 0, 0, 0, 0, 0, NULL),
(309, 1, 'Treetop 8', 3600, 0, 18, 1, 1, 0, 0, 0, 0, 0, 0, NULL),
(310, 1, 'Great Willow 2a', 4000, 0, 20, 1, 1, 0, 0, 0, 0, 0, 0, NULL),
(311, 1, 'Great Willow 2b', 3600, 0, 18, 1, 1, 0, 0, 0, 0, 0, 0, NULL),
(312, 1, 'Great Willow 2c', 3600, 0, 18, 1, 1, 0, 0, 0, 0, 0, 0, NULL),
(313, 1, 'Great Willow 2d', 3600, 0, 18, 1, 1, 0, 0, 0, 0, 0, 0, NULL),
(314, 1, 'Great Willow 3a', 4000, 0, 20, 1, 1, 0, 0, 0, 0, 0, 0, NULL),
(315, 1, 'Great Willow 3b', 3600, 0, 18, 1, 1, 0, 0, 0, 0, 0, 0, NULL),
(316, 1, 'Great Willow 3c', 3600, 0, 18, 1, 1, 0, 1472949623, 0, 0, 1471132337, 0, NULL),
(317, 1, 'Great Willow 3d', 3600, 0, 18, 1, 1, 0, 0, 0, 0, 0, 0, NULL),
(318, 1, 'Great Willow 4a', 5000, 0, 25, 1, 2, 0, 0, 0, 0, 0, 0, NULL),
(319, 1, 'Great Willow 4b', 3800, 0, 19, 1, 2, 0, 0, 0, 0, 0, 0, NULL),
(320, 1, 'Great Willow 4c', 3800, 0, 19, 1, 2, 0, 1472623824, 0, 0, 1471378201, 0, NULL),
(321, 1, 'Great Willow 4d', 5400, 0, 27, 1, 1, 0, 0, 0, 0, 0, 0, NULL),
(322, 1, 'Treetop 11', 6000, 0, 30, 1, 2, 0, 0, 0, 0, 0, 0, NULL),
(323, 1, 'Treetop 12 (Shop)', 9400, 0, 47, 3, 1, 0, 0, 0, 0, 0, 0, NULL),
(324, 1, 'Coastwood 10', 7200, 0, 36, 1, 3, 0, 0, 0, 0, 0, 0, NULL),
(325, 1, 'Coastwood 2', 3600, 0, 18, 1, 2, 0, 0, 0, 0, 1471918226, 0, NULL),
(326, 1, 'Coastwood 1', 3600, 0, 18, 1, 2, 0, 1473063022, 0, 0, 1471225563, 0, NULL),
(327, 1, 'Coastwood 3', 6600, 0, 33, 1, 2, 0, 0, 0, 0, 0, 0, NULL),
(328, 1, 'Coastwood 4', 7200, 0, 36, 1, 2, 0, 0, 0, 0, 0, 0, NULL),
(330, 1, 'Coastwood 5', 9000, 0, 45, 1, 2, 0, 0, 0, 0, 0, 0, NULL),
(331, 1, 'Coastwood 6 (Shop)', 9800, 0, 49, 3, 1, 0, 0, 0, 0, 0, 0, NULL),
(333, 1, 'Coastwood 7', 3800, 0, 19, 1, 1, 0, 0, 0, 0, 0, 0, NULL),
(334, 1, 'Coastwood 8', 6600, 0, 33, 1, 2, 0, 0, 0, 0, 0, 0, NULL),
(335, 1, 'Coastwood 9', 5000, 0, 25, 1, 1, 0, 0, 0, 0, 0, 0, NULL),
(336, 1, 'Treetop 13', 7200, 0, 36, 1, 2, 0, 0, 0, 0, 0, 0, NULL),
(337, 1, 'Shadow Caves 1', 2400, 0, 12, 1, 1, 0, 0, 0, 0, 0, 0, NULL),
(338, 1, 'Shadow Caves 3', 3000, 0, 15, 1, 1, 0, 0, 0, 0, 0, 0, NULL),
(339, 1, 'Shadow Caves 2', 3000, 0, 15, 1, 1, 0, 0, 0, 0, 0, 0, NULL),
(340, 1, 'Shadow Caves 4', 3000, 0, 15, 1, 1, 0, 0, 0, 0, 0, 0, NULL),
(341, 1, 'Shadow Caves 11', 2400, 0, 12, 1, 1, 0, 0, 0, 0, 0, 0, NULL),
(342, 1, 'Shadow Caves 13', 2400, 0, 12, 1, 1, 0, 0, 0, 0, 0, 0, NULL),
(343, 1, 'Shadow Caves 15', 2400, 0, 12, 1, 1, 0, 0, 0, 0, 0, 0, NULL),
(344, 1, 'Shadow Caves 17', 2400, 0, 12, 1, 1, 0, 0, 0, 0, 0, 0, NULL),
(345, 1, 'Shadow Caves 12', 2400, 0, 12, 1, 1, 0, 0, 0, 0, 0, 0, NULL),
(346, 1, 'Shadow Caves 14', 3000, 0, 15, 1, 1, 0, 0, 0, 0, 0, 0, NULL),
(347, 1, 'Shadow Caves 16', 3000, 0, 15, 1, 1, 0, 0, 0, 0, 0, 0, NULL),
(348, 1, 'Shadow Caves 18', 3000, 0, 15, 1, 1, 0, 0, 0, 0, 0, 0, NULL),
(349, 1, 'Shadow Caves 21', 2400, 0, 12, 1, 1, 0, 0, 0, 0, 0, 0, NULL),
(350, 1, 'Shadow Caves 23', 2400, 0, 12, 1, 1, 0, 0, 0, 0, 0, 0, NULL),
(351, 1, 'Shadow Caves 25', 2400, 0, 12, 1, 1, 0, 0, 0, 0, 0, 0, NULL),
(352, 1, 'Shadow Caves 27', 2400, 0, 12, 1, 1, 0, 0, 0, 0, 0, 0, NULL),
(353, 1, 'Shadow Caves 22', 3000, 0, 15, 1, 1, 0, 0, 0, 0, 0, 0, NULL),
(354, 1, 'Shadow Caves 24', 3000, 0, 15, 1, 1, 0, 0, 0, 0, 0, 0, NULL),
(355, 1, 'Shadow Caves 26', 3000, 0, 15, 1, 1, 0, 0, 0, 0, 0, 0, NULL),
(356, 1, 'Shadow Caves 28', 3000, 0, 15, 1, 1, 0, 0, 0, 0, 0, 0, NULL),
(358, 2, 'The Market 1 (Shop)', 4400, 0, 22, 1, 0, 0, 0, 0, 0, 0, 0, NULL),
(359, 2, 'The Market 2 (Shop)', 7800, 0, 39, 2, 0, 0, 0, 0, 0, 0, 0, NULL),
(360, 2, 'The Market 3 (Shop)', 9800, 0, 49, 1, 0, 0, 0, 0, 0, 0, 0, NULL),
(361, 2, 'The Market 4 (Shop)', 11800, 0, 59, 2, 0, 0, 0, 0, 0, 0, 0, NULL),
(362, 2, 'Marble Guildhall', 99800, 1, 499, 18, 17, 0, 0, 0, 0, 0, 0, NULL),
(363, 2, 'Lower Barracks 1', 2400, 0, 12, 1, 1, 0, 0, 0, 0, 0, 0, NULL),
(364, 2, 'Lower Barracks 3', 2400, 0, 12, 1, 1, 0, 0, 0, 0, 0, 0, NULL),
(365, 2, 'Lower Barracks 5', 2400, 0, 12, 1, 1, 0, 0, 0, 0, 0, 0, NULL),
(366, 2, 'Lower Barracks 7', 2400, 0, 12, 1, 1, 0, 0, 0, 0, 0, 0, NULL),
(367, 2, 'Lower Barracks 9', 2400, 0, 12, 1, 1, 0, 0, 0, 0, 0, 0, NULL),
(368, 2, 'Lower Barracks 11', 2400, 0, 12, 1, 1, 0, 0, 0, 0, 0, 0, NULL),
(369, 2, 'Lower Barracks 2', 2400, 0, 12, 1, 1, 0, 0, 0, 0, 0, 0, NULL),
(370, 2, 'Lower Barracks 4', 2400, 0, 12, 1, 1, 0, 0, 0, 0, 0, 0, NULL),
(371, 2, 'Lower Barracks 6', 2400, 0, 12, 1, 1, 0, 0, 0, 0, 0, 0, NULL),
(372, 2, 'Lower Barracks 8', 2400, 0, 12, 1, 1, 0, 0, 0, 0, 0, 0, NULL),
(373, 2, 'Lower Barracks 10', 2400, 0, 12, 1, 1, 0, 0, 0, 0, 0, 0, NULL),
(374, 2, 'Lower Barracks 12', 2400, 0, 12, 1, 1, 0, 0, 0, 0, 0, 0, NULL),
(375, 2, 'Lower Barracks 24', 2400, 0, 12, 1, 1, 0, 0, 0, 0, 0, 0, NULL),
(376, 2, 'Lower Barracks 22', 2400, 0, 12, 1, 1, 0, 0, 0, 0, 0, 0, NULL),
(377, 2, 'Lower Barracks 20', 2200, 0, 11, 0, 1, 0, 0, 0, 0, 0, 0, NULL),
(378, 2, 'Lower Barracks 18', 2400, 0, 12, 1, 1, 0, 0, 0, 0, 0, 0, NULL),
(379, 2, 'Lower Barracks 16', 2400, 0, 12, 1, 1, 0, 0, 0, 0, 0, 0, NULL),
(380, 2, 'Lower Barracks 14', 3000, 0, 15, 1, 1, 0, 0, 0, 0, 0, 0, NULL),
(381, 2, 'Lower Barracks 13', 3000, 0, 15, 1, 1, 0, 0, 0, 0, 0, 0, NULL),
(382, 2, 'Lower Barracks 15', 2400, 0, 12, 1, 1, 0, 0, 0, 0, 0, 0, NULL),
(383, 2, 'Lower Barracks 17', 2400, 0, 12, 1, 1, 0, 0, 0, 0, 0, 0, NULL),
(384, 2, 'Lower Barracks 19', 2400, 0, 12, 1, 1, 0, 0, 0, 0, 0, 0, NULL),
(385, 2, 'Lower Barracks 21', 2400, 0, 12, 1, 1, 0, 0, 0, 0, 0, 0, NULL),
(386, 2, 'Lower Barracks 23', 2400, 0, 12, 1, 1, 0, 0, 0, 0, 0, 0, NULL),
(387, 2, 'Iron Guildhall', 83800, 1, 419, 15, 18, 0, 0, 0, 0, 0, 0, NULL),
(388, 2, 'Tunnel Gardens 12', 3600, 0, 18, 1, 2, 0, 0, 0, 0, 0, 0, NULL),
(389, 2, 'Tunnel Gardens 11', 4000, 0, 20, 1, 2, 0, 0, 0, 0, 0, 0, NULL),
(390, 2, 'Tunnel Gardens 8', 4800, 0, 24, 1, 2, 0, 0, 0, 0, 0, 0, NULL),
(391, 2, 'Tunnel Gardens 7', 4600, 0, 23, 1, 2, 0, 0, 0, 0, 0, 0, NULL),
(392, 2, 'Tunnel Gardens 6', 6000, 0, 30, 1, 2, 0, 0, 0, 0, 0, 0, NULL),
(393, 2, 'Tunnel Gardens 5', 4800, 0, 24, 1, 2, 0, 0, 0, 0, 0, 0, NULL),
(394, 2, 'Tunnel Gardens 1', 7800, 0, 39, 1, 3, 0, 0, 0, 0, 0, 0, NULL),
(395, 2, 'Tunnel Gardens 3', 6800, 0, 34, 1, 3, 0, 0, 0, 0, 0, 0, NULL),
(396, 2, 'Tunnel Gardens 4', 6800, 0, 34, 1, 3, 0, 0, 0, 0, 0, 0, NULL),
(397, 2, 'Tunnel Gardens 2', 7800, 0, 39, 1, 3, 0, 0, 0, 0, 0, 0, NULL),
(398, 2, 'Tunnel Gardens 10', 3600, 0, 18, 1, 2, 0, 0, 0, 0, 0, 0, NULL),
(399, 2, 'Tunnel Gardens 9', 4200, 0, 21, 1, 2, 0, 0, 0, 0, 0, 0, NULL),
(409, 2, 'Upper Barracks 4', 2400, 0, 12, 1, 1, 0, 0, 0, 0, 0, 0, NULL),
(410, 2, 'Upper Barracks 3', 2400, 0, 12, 1, 1, 0, 0, 0, 0, 0, 0, NULL),
(411, 2, 'Upper Barracks 2', 2400, 0, 12, 1, 1, 0, 0, 0, 0, 0, 0, NULL),
(412, 2, 'Upper Barracks 1', 2400, 0, 12, 1, 1, 0, 0, 0, 0, 0, 0, NULL),
(413, 2, 'Upper Barracks 5', 3000, 0, 15, 1, 1, 0, 0, 0, 0, 0, 0, NULL),
(414, 2, 'Upper Barracks 6', 3000, 0, 15, 1, 1, 0, 0, 0, 0, 0, 0, NULL),
(415, 2, 'Upper Barracks 7', 3000, 0, 15, 1, 1, 0, 0, 0, 0, 0, 0, NULL),
(416, 2, 'Upper Barracks 11', 2400, 0, 12, 1, 1, 0, 0, 0, 0, 0, 0, NULL),
(417, 2, 'Upper Barracks 10', 2400, 0, 12, 1, 1, 0, 1472596824, 0, 0, 1471385032, 0, NULL),
(418, 2, 'Upper Barracks 9', 2400, 0, 12, 1, 1, 0, 0, 0, 0, 0, 0, NULL),
(419, 2, 'Upper Barracks 8', 2400, 0, 12, 1, 1, 0, 0, 0, 0, 0, 0, NULL),
(420, 2, 'Upper Barracks 12', 3000, 0, 15, 1, 1, 0, 0, 0, 0, 0, 0, NULL),
(421, 2, 'Upper Barracks 13', 4800, 0, 24, 1, 2, 0, 0, 0, 0, 0, 0, NULL),
(422, 2, 'Nobility Quarter 1', 9800, 0, 49, 1, 3, 0, 0, 0, 0, 0, 0, NULL),
(423, 2, 'Nobility Quarter 2', 9800, 0, 49, 1, 3, 0, 0, 0, 0, 0, 0, NULL),
(424, 2, 'Nobility Quarter 3', 9600, 0, 48, 1, 3, 0, 0, 0, 0, 0, 0, NULL),
(425, 2, 'Nobility Quarter 8', 5000, 0, 25, 1, 1, 0, 0, 0, 0, 0, 0, NULL),
(426, 2, 'Nobility Quarter 9', 4600, 0, 23, 1, 1, 0, 0, 0, 0, 0, 0, NULL),
(427, 2, 'Nobility Quarter 7', 3800, 0, 19, 1, 1, 0, 0, 0, 0, 0, 0, NULL),
(428, 2, 'Nobility Quarter 6', 4000, 0, 20, 1, 1, 0, 0, 0, 0, 0, 0, NULL),
(429, 2, 'Nobility Quarter 4', 3800, 0, 19, 1, 1, 0, 0, 0, 0, 0, 0, NULL),
(430, 2, 'Nobility Quarter 5', 4400, 0, 22, 1, 1, 0, 0, 0, 0, 0, 0, NULL),
(435, 9, 'Castle Street 5', 9200, 0, 46, 1, 2, 0, 0, 0, 0, 0, 0, NULL),
(436, 9, 'Castle Street 4', 12000, 0, 60, 1, 2, 0, 0, 0, 0, 0, 0, NULL),
(437, 9, 'Castle Street 3', 9800, 0, 49, 1, 2, 0, 0, 0, 0, 0, 0, NULL),
(438, 9, 'Castle Street 2', 9000, 0, 45, 1, 2, 0, 0, 0, 0, 0, 0, NULL),
(439, 9, 'Castle Street 1', 14400, 0, 72, 1, 3, 0, 0, 0, 0, 0, 0, NULL),
(440, 9, 'Edron Flats, Flat 08', 2400, 0, 12, 1, 1, 0, 0, 0, 0, 0, 0, NULL),
(441, 9, 'Edron Flats, Flat 05', 2400, 0, 12, 1, 1, 0, 0, 0, 0, 0, 0, NULL),
(442, 9, 'Edron Flats, Flat 04', 2400, 0, 12, 1, 1, 0, 0, 0, 0, 0, 0, NULL),
(443, 9, 'Edron Flats, Flat 01', 2400, 0, 12, 1, 1, 0, 0, 0, 0, 0, 0, NULL),
(444, 9, 'Edron Flats, Flat 07', 2400, 0, 12, 1, 1, 0, 0, 0, 0, 0, 0, NULL),
(445, 9, 'Edron Flats, Flat 06', 2400, 0, 12, 1, 1, 0, 0, 0, 0, 0, 0, NULL),
(446, 9, 'Edron Flats, Flat 03', 2400, 0, 12, 1, 1, 0, 0, 0, 0, 0, 0, NULL),
(447, 9, 'Edron Flats, Flat 02', 4200, 0, 21, 1, 2, 0, 0, 0, 0, 0, 0, NULL),
(448, 9, 'Edron Flats, Basement Flat 2', 8400, 0, 42, 1, 2, 0, 0, 0, 0, 0, 0, NULL),
(449, 9, 'Edron Flats, Basement Flat 1', 8600, 0, 43, 1, 2, 0, 0, 0, 0, 0, 0, NULL),
(450, 9, 'Edron Flats, Flat 18', 2400, 0, 12, 1, 1, 0, 0, 0, 0, 0, 0, NULL),
(451, 9, 'Edron Flats, Flat 15', 2400, 0, 12, 1, 1, 0, 0, 0, 0, 0, 0, NULL),
(452, 9, 'Edron Flats, Flat 14', 2400, 0, 12, 1, 1, 0, 0, 0, 0, 0, 0, NULL),
(453, 9, 'Edron Flats, Flat 11', 2400, 0, 12, 1, 1, 0, 0, 0, 0, 0, 0, NULL),
(454, 9, 'Edron Flats, Flat 17', 2400, 0, 12, 1, 1, 0, 0, 0, 0, 0, 0, NULL),
(455, 9, 'Edron Flats, Flat 16', 2400, 0, 12, 1, 1, 0, 0, 0, 0, 0, 0, NULL),
(456, 3, 'Alai Flats, Flat 18', 5600, 0, 28, 2, 1, 0, 0, 0, 0, 0, 0, NULL),
(459, 5, 'Senja Village 7', 3400, 0, 17, 1, 2, 0, 0, 0, 0, 0, 0, NULL),
(460, 5, 'Senja Village 8', 7000, 0, 35, 1, 2, 0, 0, 0, 0, 0, 0, NULL),
(461, 5, 'Senja Village 9', 10800, 0, 54, 3, 2, 0, 0, 0, 0, 0, 0, NULL),
(463, 5, 'Senja Village 11', 11200, 0, 56, 2, 2, 0, 0, 0, 0, 0, 0, NULL),
(464, 5, 'Senja Village 10', 6600, 0, 33, 1, 1, 0, 0, 0, 0, 0, 0, NULL),
(465, 5, 'Senja Village 4', 3400, 0, 17, 1, 1, 0, 0, 0, 0, 0, 0, NULL),
(466, 5, 'Senja Village 2', 3400, 0, 17, 1, 1, 0, 0, 0, 0, 0, 0, NULL),
(467, 5, 'Senja Village 1a', 3400, 0, 17, 1, 1, 0, 0, 0, 0, 0, 0, NULL),
(468, 5, 'Senja Village 3', 7400, 0, 37, 1, 2, 0, 0, 0, 0, 0, 0, NULL),
(469, 5, 'Senja Village 6a', 3200, 0, 16, 0, 1, 0, 0, 0, 0, 0, 0, NULL),
(470, 5, 'Senja Village 6b', 3400, 0, 17, 1, 1, 0, 0, 0, 0, 0, 0, NULL),
(471, 5, 'Senja Village 1b', 7400, 0, 37, 2, 2, 0, 0, 0, 0, 0, 0, NULL),
(472, 5, 'Senja Village 5', 5000, 0, 25, 1, 2, 0, 0, 0, 0, 0, 0, NULL),
(473, 5, 'Senja Clanhall', 58200, 1, 291, 15, 10, 0, 0, 0, 0, 0, 0, NULL),
(476, 9, 'Edron Flats, Flat 13', 2000, 0, 10, 1, 1, 0, 0, 0, 0, 0, 0, NULL),
(477, 9, 'Edron Flats, Flat 12', 2000, 0, 10, 1, 1, 0, 0, 0, 0, 0, 0, NULL),
(478, 9, 'Edron Flats, Flat 22', 2000, 0, 10, 1, 1, 0, 0, 0, 0, 0, 0, NULL),
(479, 9, 'Edron Flats, Flat 21', 3800, 0, 19, 1, 2, 0, 0, 0, 0, 0, 0, NULL),
(480, 9, 'Edron Flats, Flat 24', 2000, 0, 10, 1, 1, 0, 0, 0, 0, 0, 0, NULL),
(481, 9, 'Edron Flats, Flat 25', 2000, 0, 10, 1, 1, 0, 0, 0, 0, 1472010025, 0, NULL),
(482, 9, 'Edron Flats, Flat 28', 2000, 0, 10, 1, 1, 0, 0, 0, 0, 0, 0, NULL),
(483, 9, 'Edron Flats, Flat 27', 2000, 0, 10, 1, 1, 0, 0, 0, 0, 0, 0, NULL),
(484, 9, 'Edron Flats, Flat 26', 2200, 0, 11, 1, 1, 0, 0, 0, 0, 1472010025, 0, NULL),
(485, 9, 'Edron Flats, Flat 23', 2000, 0, 10, 1, 1, 0, 0, 0, 0, 0, 0, NULL),
(486, 9, 'Central Circle 3', 21800, 0, 109, 5, 5, 0, 0, 0, 0, 0, 0, NULL),
(487, 9, 'Central Circle 4', 21800, 0, 109, 5, 5, 0, 1472596824, 0, 0, 1471383524, 0, NULL),
(488, 9, 'Central Circle 5', 21800, 0, 109, 5, 5, 0, 0, 0, 0, 0, 0, NULL),
(489, 9, 'Central Circle 8 (Shop)', 21800, 0, 109, 6, 2, 0, 0, 0, 0, 0, 0, NULL),
(490, 9, 'Central Circle 7 (Shop)', 21800, 0, 109, 6, 2, 0, 0, 0, 0, 0, 0, NULL),
(491, 9, 'Central Circle 6 (Shop)', 29400, 0, 147, 6, 2, 0, 0, 0, 0, 0, 0, NULL),
(492, 9, 'Wood Avenue 10a', 8400, 0, 42, 2, 2, 0, 0, 0, 0, 0, 0, NULL),
(493, 9, 'Wood Avenue 9a', 8400, 0, 42, 2, 2, 0, 0, 0, 0, 0, 0, NULL),
(494, 9, 'Wood Avenue 6a', 10000, 0, 50, 3, 2, 0, 0, 0, 0, 1472328623, 0, NULL),
(495, 9, 'Wood Avenue 6b', 7400, 0, 37, 3, 2, 0, 0, 0, 0, 0, 0, NULL),
(496, 9, 'Wood Avenue 9b', 8400, 0, 42, 2, 2, 0, 0, 0, 0, 0, 0, NULL),
(497, 9, 'Wood Avenue 10b', 9800, 0, 49, 3, 3, 0, 0, 0, 0, 0, 0, NULL),
(498, 9, 'Wood Avenue 7', 30200, 0, 151, 5, 3, 0, 0, 0, 0, 1472092825, 0, NULL),
(499, 9, 'Wood Avenue 8', 31400, 0, 157, 5, 3, 0, 0, 0, 0, 0, 0, NULL),
(500, 9, 'Wood Avenue 11', 35600, 0, 178, 7, 6, 0, 0, 0, 0, 0, 0, NULL),
(501, 9, 'Sky Lane, Guild 2', 93000, 1, 465, 12, 14, 0, 0, 0, 0, 0, 0, NULL),
(502, 9, 'Sky Lane, Sea Tower', 20200, 0, 101, 3, 6, 0, 0, 0, 0, 0, 0, NULL),
(503, 9, 'Sky Lane, Guild 3', 92800, 1, 464, 10, 18, 0, 0, 0, 0, 0, 0, NULL),
(504, 9, 'Sky Lane, Guild 1', 107200, 1, 536, 11, 23, 0, 0, 0, 0, 0, 0, NULL),
(505, 9, 'Central Circle 1', 15800, 0, 79, 3, 2, 0, 0, 0, 0, 1472482746, 0, NULL),
(506, 9, 'Central Circle 2', 19600, 0, 98, 3, 2, 0, 1472512224, 0, 0, 1471300052, 0, NULL),
(507, 9, 'Wood Avenue 5', 7400, 0, 37, 1, 2, 0, 0, 0, 0, 0, 0, NULL),
(508, 9, 'Wood Avenue 4', 8400, 0, 42, 1, 2, 0, 0, 0, 0, 0, 0, NULL),
(509, 9, 'Wood Avenue 3', 7400, 0, 37, 1, 2, 0, 0, 0, 0, 0, 0, NULL),
(510, 9, 'Wood Avenue 2', 8600, 0, 43, 1, 2, 0, 0, 0, 0, 0, 0, NULL),
(511, 9, 'Wood Avenue 1', 9800, 0, 49, 1, 2, 0, 0, 0, 0, 0, 0, NULL),
(512, 9, 'Wood Avenue 4b', 6200, 0, 31, 1, 2, 0, 0, 0, 0, 0, 0, NULL),
(513, 9, 'Wood Avenue 4a', 6200, 0, 31, 1, 2, 0, 0, 0, 0, 0, 0, NULL),
(514, 9, 'Wood Avenue 4c', 9800, 0, 49, 1, 2, 0, 0, 0, 0, 0, 0, NULL),
(515, 9, 'Central Circle 9a', 4200, 0, 21, 1, 2, 0, 0, 0, 0, 0, 0, NULL),
(516, 9, 'Central Circle 9b', 4200, 0, 21, 1, 2, 0, 0, 0, 0, 0, 0, NULL),
(517, 9, 'Castle Shop 3', 11000, 0, 55, 3, 1, 0, 0, 0, 0, 0, 0, NULL),
(518, 9, 'Castle Shop 2', 11000, 0, 55, 4, 1, 0, 0, 0, 0, 0, 0, NULL),
(519, 9, 'Castle Shop 1', 11000, 0, 55, 4, 1, 0, 0, 0, 0, 0, 0, NULL),
(520, 9, 'Castle, Basement, Flat 01', 4000, 0, 20, 1, 1, 0, 0, 0, 0, 0, 0, NULL),
(521, 9, 'Castle, Basement, Flat 02', 3000, 0, 15, 1, 1, 0, 0, 0, 0, 0, 0, NULL),
(522, 9, 'Castle, Basement, Flat 03', 2600, 0, 13, 1, 1, 0, 0, 0, 0, 0, 0, NULL),
(523, 9, 'Castle, Basement, Flat 04', 2600, 0, 13, 1, 1, 0, 0, 0, 0, 0, 0, NULL),
(524, 9, 'Castle, Basement, Flat 07', 3200, 0, 16, 1, 1, 0, 0, 0, 0, 0, 0, NULL),
(525, 9, 'Castle, Basement, Flat 08', 2600, 0, 13, 1, 1, 0, 0, 0, 0, 0, 0, NULL),
(526, 9, 'Castle, Basement, Flat 05', 3000, 0, 15, 1, 1, 0, 0, 0, 0, 0, 0, NULL),
(527, 9, 'Castle, Basement, Flat 06', 3000, 0, 15, 1, 1, 0, 0, 0, 0, 0, 0, NULL),
(528, 9, 'Castle, Basement, Flat 09', 3000, 0, 15, 1, 1, 0, 0, 0, 0, 0, 0, NULL),
(529, 9, 'Castle, 3rd Floor, Flat 01', 3000, 0, 15, 1, 1, 0, 0, 0, 0, 0, 0, NULL),
(530, 9, 'Castle, 3rd Floor, Flat 02', 4800, 0, 24, 1, 1, 0, 0, 0, 0, 0, 0, NULL),
(531, 9, 'Castle, 3rd Floor, Flat 05', 6000, 0, 30, 1, 1, 0, 0, 0, 0, 0, 0, NULL),
(532, 9, 'Castle, 3rd Floor, Flat 06', 5000, 0, 25, 1, 2, 0, 0, 0, 0, 0, 0, NULL),
(533, 9, 'Castle, 3rd Floor, Flat 07', 4000, 0, 20, 1, 1, 0, 0, 0, 0, 0, 0, NULL),
(534, 9, 'Castle, 3rd Floor, Flat 04', 3200, 0, 16, 1, 1, 0, 0, 0, 0, 0, 0, NULL),
(535, 9, 'Castle, 3rd Floor, Flat 03', 4000, 0, 20, 1, 1, 0, 0, 0, 0, 0, 0, NULL),
(536, 9, 'Castle, 4th Floor, Flat 01', 4800, 0, 24, 1, 1, 0, 0, 0, 0, 0, 0, NULL),
(537, 9, 'Castle, 4th Floor, Flat 02', 6000, 0, 30, 1, 1, 0, 0, 0, 0, 0, 0, NULL),
(538, 9, 'Castle, 4th Floor, Flat 05', 6000, 0, 30, 1, 1, 0, 0, 0, 0, 0, 0, NULL),
(539, 9, 'Castle, 4th Floor, Flat 06', 6200, 0, 31, 1, 1, 0, 0, 0, 0, 0, 0, NULL),
(540, 9, 'Castle, 4th Floor, Flat 07', 4800, 0, 24, 1, 1, 0, 0, 0, 0, 0, 0, NULL),
(542, 9, 'Castle, 4th Floor, Flat 04', 3200, 0, 16, 1, 1, 0, 0, 0, 0, 0, 0, NULL),
(543, 9, 'Castle, 4th Floor, Flat 03', 4000, 0, 20, 1, 1, 0, 0, 0, 0, 0, 0, NULL),
(544, 9, 'Castle, 4th Floor, Flat 08', 6200, 0, 31, 1, 1, 0, 0, 0, 0, 0, 0, NULL),
(545, 9, 'Castle, 4th Floor, Flat 09', 3600, 0, 18, 1, 1, 0, 0, 0, 0, 0, 0, NULL),
(546, 9, 'Cormaya 1', 7200, 0, 36, 1, 2, 0, 0, 0, 0, 0, 0, NULL),
(549, 9, 'Cormaya 2', 22400, 0, 112, 3, 3, 0, 0, 0, 0, 0, 0, NULL),
(550, 9, 'Cormaya 4', 9600, 0, 48, 1, 2, 0, 0, 0, 0, 0, 0, NULL),
(551, 9, 'Cormaya 3', 11400, 0, 57, 1, 2, 0, 0, 0, 0, 0, 0, NULL),
(552, 9, 'Cormaya 5', 29200, 0, 146, 2, 3, 0, 0, 0, 0, 0, 0, NULL),
(553, 9, 'Cormaya 6', 11000, 0, 55, 1, 2, 0, 0, 0, 0, 0, 0, NULL),
(554, 9, 'Cormaya 7', 12000, 0, 60, 1, 2, 0, 0, 0, 0, 0, 0, NULL),
(555, 9, 'Cormaya 8', 18400, 0, 92, 2, 2, 0, 0, 0, 0, 0, 0, NULL),
(557, 9, 'Cormaya 10', 25400, 0, 127, 2, 3, 0, 0, 0, 0, 0, 0, NULL),
(558, 9, 'Cormaya 11', 9800, 0, 49, 1, 2, 0, 0, 0, 0, 0, 0, NULL),
(559, 9, 'Castle of the White Dragon', 165800, 1, 829, 16, 19, 0, 0, 0, 0, 0, 0, NULL),
(560, 9, 'Magic Academy, Flat 2', 6400, 0, 32, 1, 2, 0, 0, 0, 0, 0, 0, NULL),
(561, 9, 'Magic Academy, Guild', 80600, 1, 403, 7, 14, 0, 0, 0, 0, 0, 0, NULL),
(563, 9, 'Magic Academy, Flat 3', 7000, 0, 35, 1, 1, 0, 0, 0, 0, 0, 0, NULL),
(564, 9, 'Magic Academy, Flat 4', 7000, 0, 35, 1, 2, 0, 0, 0, 0, 0, 0, NULL),
(565, 9, 'Magic Academy, Flat 5', 8600, 0, 43, 1, 1, 0, 0, 0, 0, 0, 0, NULL),
(566, 9, 'Magic Academy, Flat 1', 8000, 0, 40, 2, 3, 0, 0, 0, 0, 0, 0, NULL),
(567, 9, 'Magic Academy, Shop', 8000, 0, 40, 1, 1, 0, 0, 0, 0, 1472335823, 0, NULL),
(568, 9, 'Stonehome Flats, Flat 04', 3200, 0, 16, 1, 1, 0, 0, 0, 0, 0, 0, NULL),
(569, 9, 'Stonehome Flats, Flat 05', 2400, 0, 12, 1, 1, 0, 0, 0, 0, 0, 0, NULL),
(570, 9, 'Stonehome Flats, Flat 06', 2600, 0, 13, 1, 1, 0, 0, 0, 0, 0, 0, NULL),
(571, 9, 'Stonehome Flats, Flat 03', 2600, 0, 13, 1, 1, 0, 0, 0, 0, 0, 0, NULL),
(572, 9, 'Stonehome Flats, Flat 02', 5000, 0, 25, 1, 2, 0, 0, 0, 0, 0, 0, NULL),
(573, 9, 'Stonehome Flats, Flat 01', 2400, 0, 12, 1, 1, 0, 0, 0, 0, 0, 0, NULL),
(574, 9, 'Stonehome Flats, Flat 15', 2400, 0, 12, 1, 1, 0, 0, 0, 0, 0, 0, NULL),
(575, 9, 'Stonehome Flats, Flat 14', 2400, 0, 12, 1, 1, 0, 0, 0, 0, 0, 0, NULL),
(576, 9, 'Stonehome Flats, Flat 11', 4000, 0, 20, 1, 2, 0, 0, 0, 0, 1471309543, 0, NULL),
(577, 9, 'Stonehome Flats, Flat 16', 2000, 0, 10, 1, 1, 0, 0, 0, 0, 1471220399, 0, NULL),
(578, 9, 'Stonehome Flats, Flat 13', 3400, 0, 17, 1, 1, 0, 0, 0, 0, 0, 0, NULL),
(579, 9, 'Stonehome Flats, Flat 12', 5000, 0, 25, 1, 2, 0, 0, 0, 0, 0, 0, NULL),
(580, 9, 'Stonehome Village 1', 14800, 0, 74, 2, 2, 0, 0, 0, 0, 0, 0, NULL),
(581, 9, 'Stonehome Village 7', 7200, 0, 36, 1, 2, 0, 0, 0, 0, 0, 0, NULL),
(582, 9, 'Stonehome Village 8', 5000, 0, 25, 1, 1, 0, 0, 0, 0, 0, 0, NULL),
(583, 9, 'Stonehome Village 9', 5000, 0, 25, 1, 1, 0, 0, 0, 0, 0, 0, NULL),
(584, 9, 'Stonehome Clanhall', 62400, 1, 312, 15, 10, 0, 0, 0, 0, 0, 0, NULL),
(585, 9, 'Stonehome Village 4', 6000, 0, 30, 1, 2, 0, 0, 0, 0, 0, 0, NULL),
(586, 9, 'Stonehome Village 3', 5000, 0, 25, 1, 1, 0, 0, 0, 0, 0, 0, NULL),
(587, 9, 'Stonehome Village 2', 4800, 0, 24, 1, 1, 0, 0, 0, 0, 0, 0, NULL),
(588, 9, 'Stonehome Village 5', 7400, 0, 37, 1, 2, 0, 0, 0, 0, 0, 0, NULL),
(589, 9, 'Stonehome Village 6', 9600, 0, 48, 1, 2, 0, 0, 0, 0, 0, 0, NULL),
(590, 9, 'Cormaya Flats, Flat 01', 2400, 0, 12, 1, 1, 0, 0, 0, 0, 0, 0, NULL),
(591, 9, 'Cormaya Flats, Flat 02', 2400, 0, 12, 1, 1, 0, 0, 0, 0, 0, 0, NULL),
(592, 9, 'Cormaya Flats, Flat 03', 4000, 0, 20, 1, 2, 0, 0, 0, 0, 0, 0, NULL),
(593, 9, 'Cormaya Flats, Flat 06', 2600, 0, 13, 1, 1, 0, 0, 0, 0, 0, 0, NULL),
(594, 9, 'Cormaya Flats, Flat 05', 2600, 0, 13, 1, 1, 0, 0, 0, 0, 0, 0, NULL),
(595, 9, 'Cormaya Flats, Flat 04', 4200, 0, 21, 1, 2, 0, 0, 0, 0, 0, 0, NULL),
(596, 9, 'Cormaya Flats, Flat 13', 3200, 0, 16, 1, 2, 0, 0, 0, 0, 0, 0, NULL),
(597, 9, 'Cormaya Flats, Flat 14', 3800, 0, 19, 1, 2, 0, 0, 0, 0, 0, 0, NULL),
(598, 9, 'Cormaya Flats, Flat 12', 2400, 0, 12, 1, 1, 0, 0, 0, 0, 0, 0, NULL),
(599, 9, 'Cormaya Flats, Flat 11', 2400, 0, 12, 1, 1, 0, 0, 0, 0, 0, 0, NULL),
(600, 9, 'Cormaya Flats, Flat 16', 3400, 0, 17, 1, 1, 0, 0, 0, 0, 0, 0, NULL),
(601, 9, 'Cormaya Flats, Flat 15', 3400, 0, 17, 1, 1, 0, 0, 0, 0, 0, 0, NULL),
(602, 7, 'Darashia 3, Flat 02', 11000, 0, 55, 2, 2, 0, 0, 0, 0, 0, 0, NULL),
(603, 7, 'Darashia 3, Flat 01', 7000, 0, 35, 1, 2, 0, 0, 0, 0, 0, 0, NULL),
(604, 7, 'Darashia 3, Flat 05', 9600, 0, 48, 1, 1, 0, 0, 0, 0, 0, 0, NULL),
(605, 7, 'Darashia 3, Flat 04', 13200, 0, 66, 2, 2, 0, 0, 0, 0, 0, 0, NULL),
(606, 7, 'Darashia 3, Flat 03', 6200, 0, 31, 1, 2, 0, 0, 0, 0, 0, 0, NULL),
(607, 7, 'Darashia 3, Flat 12', 18000, 0, 90, 3, 5, 0, 0, 0, 0, 0, 0, NULL),
(608, 7, 'Darashia 3, Flat 11', 6000, 0, 30, 1, 1, 0, 0, 0, 0, 0, 0, NULL),
(609, 7, 'Darashia 3, Flat 14', 12200, 0, 61, 3, 3, 0, 0, 0, 0, 0, 0, NULL),
(610, 7, 'Darashia 3, Flat 13', 6000, 0, 30, 1, 2, 0, 0, 0, 0, 0, 0, NULL),
(612, 7, 'Darashia 8, Flat 11', 11000, 0, 55, 2, 2, 0, 0, 0, 0, 0, 0, NULL),
(613, 7, 'Darashia 8, Flat 12', 11000, 0, 55, 2, 2, 0, 0, 0, 0, 0, 0, NULL),
(614, 7, 'Darashia 8, Flat 13', 10800, 0, 54, 2, 2, 0, 0, 0, 0, 0, 0, NULL),
(615, 7, 'Darashia 8, Flat 14', 14400, 0, 72, 2, 2, 0, 0, 0, 0, 0, 0, NULL),
(619, 7, 'Darashia 8, Flat 01', 14000, 0, 70, 1, 2, 0, 0, 0, 0, 0, 0, NULL),
(620, 7, 'Darashia 8, Flat 02', 18000, 0, 90, 2, 2, 0, 0, 0, 0, 0, 0, NULL),
(621, 7, 'Darashia 8, Flat 03', 26800, 0, 134, 5, 3, 0, 0, 0, 0, 0, 0, NULL),
(622, 7, 'Darashia 8, Flat 04', 15200, 0, 76, 1, 2, 0, 0, 0, 0, 0, 0, NULL),
(623, 7, 'Darashia 8, Flat 05', 12200, 0, 61, 1, 2, 0, 0, 0, 0, 0, 0, NULL),
(624, 7, 'Darashia 7, Flat 01', 9400, 0, 47, 1, 1, 0, 0, 0, 0, 0, 0, NULL),
(625, 7, 'Darashia 7, Flat 02', 6000, 0, 30, 1, 1, 0, 0, 0, 0, 0, 0, NULL),
(626, 7, 'Darashia 7, Flat 03', 13000, 0, 65, 3, 4, 0, 0, 0, 0, 0, 0, NULL),
(627, 7, 'Darashia 7, Flat 05', 7000, 0, 35, 1, 2, 0, 0, 0, 0, 0, 0, NULL),
(628, 7, 'Darashia 7, Flat 04', 7000, 0, 35, 1, 1, 0, 0, 0, 0, 0, 0, NULL),
(629, 7, 'Darashia 7, Flat 12', 13000, 0, 65, 3, 4, 0, 0, 0, 0, 0, 0, NULL),
(630, 7, 'Darashia 7, Flat 11', 5200, 0, 26, 1, 1, 0, 0, 0, 0, 0, 0, NULL),
(632, 7, 'Darashia 7, Flat 14', 9000, 0, 45, 2, 2, 0, 0, 0, 0, 0, 0, NULL),
(633, 7, 'Darashia 7, Flat 13', 11000, 0, 55, 2, 3, 0, 0, 0, 0, 0, 0, NULL),
(634, 7, 'Darashia 4, Flat 03', 7400, 0, 37, 1, 1, 0, 0, 0, 0, 0, 0, NULL),
(635, 7, 'Darashia 4, Flat 02', 11000, 0, 55, 2, 2, 0, 0, 0, 0, 0, 0, NULL),
(636, 7, 'Darashia 4, Flat 04', 12000, 0, 60, 2, 2, 0, 0, 0, 0, 0, 0, NULL),
(637, 7, 'Darashia 4, Flat 05', 9600, 0, 48, 1, 2, 0, 0, 0, 0, 0, 0, NULL),
(638, 7, 'Darashia 4, Flat 01', 9200, 0, 46, 1, 1, 0, 0, 0, 0, 0, 0, NULL),
(639, 7, 'Darashia 4, Flat 12', 17000, 0, 85, 3, 3, 0, 0, 0, 0, 0, 0, NULL),
(640, 7, 'Darashia 4, Flat 11', 6000, 0, 30, 1, 1, 0, 0, 0, 0, 0, 0, NULL),
(641, 7, 'Darashia 4, Flat 13', 13200, 0, 66, 2, 2, 0, 0, 0, 0, 0, 0, NULL),
(642, 7, 'Darashia 4, Flat 14', 15600, 0, 78, 2, 2, 0, 0, 0, 0, 0, 0, NULL),
(643, 7, 'Darashia, Villa', 46600, 0, 233, 11, 4, 0, 0, 0, 0, 0, 0, NULL),
(644, 7, 'Darashia, Eastern Guildhall', 80600, 1, 403, 15, 16, 0, 0, 0, 0, 0, 0, NULL),
(645, 7, 'Darashia, Western Guildhall', 64400, 1, 322, 16, 14, 0, 0, 0, 0, 0, 0, NULL),
(646, 7, 'Darashia 2, Flat 03', 8000, 0, 40, 1, 1, 0, 0, 0, 0, 0, 0, NULL),
(647, 7, 'Darashia 2, Flat 02', 7000, 0, 35, 1, 1, 0, 0, 0, 0, 0, 0, NULL),
(648, 7, 'Darashia 2, Flat 01', 7000, 0, 35, 1, 1, 0, 0, 0, 0, 0, 0, NULL),
(649, 7, 'Darashia 2, Flat 07', 8000, 0, 40, 1, 1, 0, 0, 0, 7, 1472478022, 0, NULL),
(650, 7, 'Darashia 2, Flat 06', 3000, 0, 15, 1, 1, 0, 1472073038, 0, 6, 1472424022, 0, NULL),
(651, 7, 'Darashia 2, Flat 05', 8200, 0, 41, 1, 2, 0, 0, 0, 0, 0, 0, NULL),
(652, 7, 'Darashia 2, Flat 04', 3000, 0, 15, 1, 1, 0, 0, 0, 0, 0, 0, NULL),
(653, 7, 'Darashia 2, Flat 14', 3000, 0, 15, 1, 1, 0, 0, 0, 0, 0, 0, NULL),
(654, 7, 'Darashia 2, Flat 13', 7000, 0, 35, 1, 1, 0, 0, 0, 0, 0, 0, NULL),
(655, 7, 'Darashia 2, Flat 12', 3000, 0, 15, 1, 1, 0, 0, 0, 0, 0, 0, NULL),
(656, 7, 'Darashia 2, Flat 11', 5000, 0, 25, 1, 1, 0, 0, 0, 0, 0, 0, NULL),
(657, 7, 'Darashia 2, Flat 15', 6000, 0, 30, 1, 2, 0, 0, 0, 0, 0, 0, NULL),
(658, 7, 'Darashia 2, Flat 16', 6000, 0, 30, 1, 1, 0, 0, 0, 0, 0, 0, NULL),
(659, 7, 'Darashia 2, Flat 17', 5000, 0, 25, 1, 1, 0, 0, 0, 0, 0, 0, NULL),
(660, 7, 'Darashia 2, Flat 18', 6000, 0, 30, 1, 1, 0, 0, 0, 0, 0, 0, NULL),
(661, 7, 'Darashia 6a', 16200, 0, 81, 3, 2, 0, 0, 0, 0, 0, 0, NULL),
(662, 7, 'Darashia 6b', 22000, 0, 110, 2, 2, 0, 0, 0, 0, 0, 0, NULL),
(663, 7, 'Darashia 5, Flat 01', 7000, 0, 35, 1, 1, 0, 0, 0, 0, 0, 0, NULL),
(664, 7, 'Darashia 5, Flat 05', 6400, 0, 32, 1, 1, 0, 0, 0, 0, 0, 0, NULL),
(665, 7, 'Darashia 5, Flat 04', 11000, 0, 55, 2, 2, 0, 0, 0, 0, 0, 0, NULL),
(666, 7, 'Darashia 5, Flat 03', 6000, 0, 30, 1, 1, 0, 0, 0, 0, 0, 0, NULL),
(667, 7, 'Darashia 5, Flat 02', 10000, 0, 50, 2, 2, 0, 0, 0, 0, 0, 0, NULL),
(668, 7, 'Darashia 5, Flat 11', 11000, 0, 55, 2, 2, 0, 0, 0, 0, 0, 0, NULL),
(669, 7, 'Darashia 5, Flat 12', 10000, 0, 50, 2, 2, 0, 0, 0, 0, 0, 0, NULL),
(670, 7, 'Darashia 5, Flat 13', 13200, 0, 66, 2, 2, 0, 0, 0, 0, 0, 0, NULL),
(671, 7, 'Darashia 5, Flat 14', 14400, 0, 72, 2, 2, 0, 0, 0, 0, 0, 0, NULL),
(672, 7, 'Darashia 1, Flat 05', 9600, 0, 48, 1, 2, 0, 0, 0, 0, 0, 0, NULL),
(673, 7, 'Darashia 1, Flat 01', 8000, 0, 40, 1, 2, 0, 0, 0, 0, 0, 0, NULL),
(674, 7, 'Darashia 1, Flat 02', 6000, 0, 30, 1, 1, 0, 0, 0, 0, 0, 0, NULL),
(675, 7, 'Darashia 1, Flat 03', 18000, 0, 90, 3, 4, 0, 0, 0, 0, 0, 0, NULL),
(676, 7, 'Darashia 1, Flat 04', 6000, 0, 30, 1, 1, 0, 0, 0, 0, 0, 0, NULL),
(677, 7, 'Darashia 1, Flat 11', 6000, 0, 30, 1, 2, 0, 0, 0, 0, 0, 0, NULL),
(678, 7, 'Darashia 1, Flat 12', 14400, 0, 72, 2, 2, 0, 0, 0, 0, 0, 0, NULL),
(679, 7, 'Darashia 1, Flat 13', 11000, 0, 55, 2, 2, 0, 0, 0, 0, 0, 0, NULL),
(680, 7, 'Darashia 1, Flat 14', 21600, 0, 108, 3, 5, 0, 0, 0, 0, 0, 0, NULL),
(681, 8, 'Haggler\'s Hangout 1', 7200, 0, 36, 1, 2, 0, 0, 0, 0, 0, 0, NULL),
(682, 8, 'Haggler\'s Hangout 2', 6000, 0, 30, 1, 1, 0, 0, 0, 0, 0, 0, NULL),
(683, 8, 'Haggler\'s Hangout 4b', 7000, 0, 35, 2, 1, 0, 0, 0, 0, 0, 0, NULL),
(684, 8, 'Haggler\'s Hangout 4a', 8400, 0, 42, 2, 1, 0, 0, 0, 0, 0, 0, NULL),
(685, 8, 'Haggler\'s Hangout 5', 11200, 0, 56, 2, 1, 0, 0, 0, 0, 0, 0, NULL),
(686, 8, 'Haggler\'s Hangout 6', 41600, 0, 208, 3, 4, 0, 0, 0, 0, 0, 0, NULL),
(687, 8, 'Haggler\'s Hangout 3', 51200, 0, 256, 1, 4, 0, 0, 0, 0, 0, 0, NULL),
(688, 8, 'Bamboo Fortress', 156000, 1, 780, 14, 20, 0, 0, 0, 0, 0, 0, NULL),
(689, 8, 'Bamboo Garden 3', 12600, 0, 63, 2, 2, 0, 0, 0, 0, 0, 0, NULL),
(690, 8, 'Bamboo Garden 2', 8400, 0, 42, 1, 2, 0, 0, 0, 0, 0, 0, NULL),
(691, 8, 'Bamboo Garden 1', 12600, 0, 63, 2, 3, 0, 0, 0, 0, 0, 0, NULL),
(692, 8, 'Coconut Quay 2', 6000, 0, 30, 1, 2, 0, 0, 0, 0, 0, 0, NULL),
(693, 8, 'Coconut Quay 3', 10800, 0, 54, 1, 4, 0, 0, 0, 0, 0, 0, NULL),
(694, 8, 'Coconut Quay 4', 11200, 0, 56, 1, 3, 0, 1472694024, 0, 0, 1471406684, 0, NULL),
(695, 8, 'River Homes 1', 17000, 0, 85, 1, 3, 0, 0, 0, 0, 0, 0, NULL),
(696, 3, 'Fibula Village, Tower Flat', 16200, 0, 81, 1, 2, 0, 0, 0, 0, 0, 0, NULL),
(697, 3, 'Fibula Village, Villa', 54600, 0, 273, 13, 7, 0, 0, 0, 0, 0, 0, NULL),
(698, 3, 'Fibula Village, Bar', 14000, 0, 70, 3, 2, 0, 0, 0, 0, 0, 0, NULL),
(699, 3, 'Fibula Village 1', 2600, 0, 13, 1, 1, 0, 0, 0, 0, 0, 0, NULL),
(700, 3, 'Fibula Village 2', 2600, 0, 13, 1, 1, 0, 0, 0, 0, 0, 0, NULL),
(701, 3, 'Fibula Village 3', 11000, 0, 55, 1, 4, 0, 0, 0, 0, 0, 0, NULL),
(702, 3, 'Fibula Village 4', 5200, 0, 26, 1, 2, 0, 0, 0, 0, 0, 0, NULL),
(703, 3, 'Fibula Village 5', 5200, 0, 26, 1, 2, 0, 0, 0, 0, 0, 0, NULL),
(704, 3, 'Fibula Clanhall', 39600, 1, 198, 12, 10, 0, 0, 0, 0, 0, 0, NULL),
(705, 3, 'Guildhall of the Red Rose', 89000, 1, 445, 8, 15, 0, 0, 0, 0, 0, 0, NULL),
(706, 3, 'Mercenary Tower', 145400, 1, 727, 18, 26, 0, 0, 0, 0, 0, 0, NULL),
(707, 3, 'Sorcerer\'s Avenue Labs 2a', 2600, 0, 13, 1, 1, 0, 0, 0, 0, 0, 0, NULL),
(708, 3, 'Sorcerer\'s Avenue Labs 2b', 2600, 0, 13, 1, 1, 0, 0, 0, 0, 0, 0, NULL),
(709, 3, 'Sorcerer\'s Avenue Labs 2f', 2600, 0, 13, 1, 1, 0, 0, 0, 0, 0, 0, NULL),
(710, 3, 'Sorcerer\'s Avenue Labs 2e', 2600, 0, 13, 1, 1, 0, 0, 0, 0, 0, 0, NULL),
(711, 3, 'Sorcerer\'s Avenue Labs 2d', 2600, 0, 13, 1, 1, 0, 0, 0, 0, 0, 0, NULL),
(712, 3, 'Sorcerer\'s Avenue Labs 2c', 2600, 0, 13, 1, 1, 0, 0, 0, 0, 0, 0, NULL),
(713, 3, 'Harbour Street 4', 3400, 0, 17, 1, 1, 0, 0, 0, 0, 0, 0, NULL),
(714, 3, 'Thais Hostel', 24000, 0, 120, 3, 24, 0, 0, 0, 0, 0, 0, NULL),
(715, 4, 'Market Street 7', 12200, 0, 61, 3, 2, 0, 0, 0, 0, 1472006425, 0, NULL),
(716, 2, 'Wolftower', 142000, 1, 710, 19, 23, 0, 0, 0, 0, 0, 0, NULL),
(717, 2, 'Riverspring', 126400, 1, 632, 23, 19, 0, 0, 0, 0, 0, 0, NULL),
(718, 9, 'Cormaya 9b', 15400, 0, 77, 2, 2, 0, 0, 0, 0, 0, 0, NULL),
(719, 9, 'Cormaya 9a', 7200, 0, 36, 1, 2, 0, 0, 0, 0, 0, 0, NULL);
INSERT INTO `houses` (`id`, `townid`, `name`, `rent`, `guildhall`, `tiles`, `doors`, `beds`, `owner`, `paid`, `clear`, `warnings`, `lastwarning`, `world_id`, `price`) VALUES
(720, 9, 'Cormaya 9d', 15400, 0, 77, 2, 2, 0, 0, 0, 0, 0, 0, NULL),
(721, 9, 'Cormaya 9c', 7200, 0, 36, 1, 2, 0, 0, 0, 0, 0, 0, NULL),
(722, 5, 'Central Plaza 1', 4000, 0, 20, 1, 0, 0, 0, 0, 0, 0, 0, NULL),
(723, 5, 'Central Plaza 2', 4000, 0, 20, 1, 0, 0, 0, 0, 0, 0, 0, NULL),
(724, 5, 'Central Plaza 3', 4000, 0, 20, 1, 0, 0, 0, 0, 0, 0, 0, NULL),
(725, 1, 'The Hideout', 108400, 1, 542, 14, 20, 0, 0, 0, 0, 0, 0, NULL),
(726, 2, 'Granite Guildhall', 91000, 1, 455, 18, 17, 0, 0, 0, 0, 0, 0, NULL),
(727, 2, 'Hill Hideout', 68200, 1, 341, 8, 15, 0, 0, 0, 0, 0, 0, NULL),
(728, 2, 'Outlaw Camp 6', 2000, 0, 10, 1, 1, 0, 0, 0, 0, 0, 0, NULL),
(729, 2, 'Outlaw Camp 5', 2000, 0, 10, 1, 1, 0, 0, 0, 0, 0, 0, NULL),
(730, 2, 'Outlaw Camp 4', 2000, 0, 10, 1, 1, 0, 0, 0, 0, 0, 0, NULL),
(731, 2, 'Outlaw Camp 2', 2400, 0, 12, 1, 1, 0, 0, 0, 0, 0, 0, NULL),
(732, 2, 'Outlaw Camp 3', 4800, 0, 24, 1, 2, 0, 0, 0, 0, 0, 0, NULL),
(733, 2, 'Outlaw Camp 7', 5200, 0, 26, 1, 2, 0, 0, 0, 0, 0, 0, NULL),
(734, 2, 'Outlaw Camp 8', 2600, 0, 13, 1, 1, 0, 0, 0, 0, 0, 0, NULL),
(735, 2, 'Outlaw Camp 9', 2000, 0, 10, 1, 1, 0, 0, 0, 0, 0, 0, NULL),
(736, 2, 'Outlaw Camp 10', 2000, 0, 10, 1, 1, 0, 0, 0, 0, 0, 0, NULL),
(737, 2, 'Outlaw Camp 11', 2000, 0, 10, 1, 1, 0, 0, 0, 0, 0, 0, NULL),
(738, 2, 'Outlaw Camp 12 (Shop)', 1400, 0, 7, 1, 0, 0, 0, 0, 0, 0, 0, NULL),
(739, 2, 'Outlaw Camp 13 (Shop)', 1400, 0, 7, 1, 0, 0, 0, 0, 0, 0, 0, NULL),
(740, 2, 'Outlaw Camp 14 (Shop)', 3200, 0, 16, 1, 0, 0, 0, 0, 0, 0, 0, NULL),
(741, 2, 'Outlaw Camp 1', 8800, 0, 44, 1, 2, 0, 0, 0, 0, 0, 0, NULL),
(742, 2, 'Outlaw Castle', 56200, 1, 281, 11, 9, 0, 1472373627, 0, 7, 1472463622, 0, NULL),
(743, 3, 'Greenshore Village 6', 20400, 0, 102, 3, 2, 0, 0, 0, 0, 0, 0, NULL),
(744, 3, 'Greenshore Village 4', 4000, 0, 20, 1, 1, 0, 0, 0, 0, 0, 0, NULL),
(745, 3, 'Greenshore Village 5', 4000, 0, 20, 1, 1, 0, 0, 0, 0, 0, 0, NULL),
(746, 3, 'Greenshore Village 3', 4200, 0, 21, 1, 1, 0, 0, 0, 0, 0, 0, NULL),
(747, 3, 'Greenshore Village 2', 4200, 0, 21, 1, 1, 0, 0, 0, 0, 0, 0, NULL),
(748, 8, 'Banana Bay 4', 3200, 0, 16, 1, 1, 0, 0, 0, 0, 0, 0, NULL),
(749, 8, 'Banana Bay 3', 3200, 0, 16, 1, 1, 0, 0, 0, 0, 0, 0, NULL),
(750, 8, 'Banana Bay 2', 5000, 0, 25, 1, 1, 0, 0, 0, 0, 0, 0, NULL),
(751, 8, 'Banana Bay 1', 3200, 0, 16, 1, 1, 0, 0, 0, 0, 0, 0, NULL),
(752, 8, 'Crocodile Bridge 1', 6000, 0, 30, 1, 2, 0, 0, 0, 0, 0, 0, NULL),
(753, 8, 'Crocodile Bridge 2', 5000, 0, 25, 1, 2, 0, 0, 0, 0, 0, 0, NULL),
(754, 8, 'Crocodile Bridge 3', 7200, 0, 36, 1, 2, 0, 0, 0, 0, 0, 0, NULL),
(755, 8, 'Crocodile Bridge 4', 28000, 0, 140, 3, 4, 0, 0, 0, 0, 0, 0, NULL),
(756, 8, 'Crocodile Bridge 5', 24000, 0, 120, 2, 2, 0, 0, 0, 0, 0, 0, NULL),
(757, 8, 'Woodway 1', 5000, 0, 25, 1, 1, 0, 0, 0, 0, 0, 0, NULL),
(758, 8, 'Woodway 2', 4000, 0, 20, 1, 1, 0, 0, 0, 0, 0, 0, NULL),
(759, 8, 'Woodway 3', 9600, 0, 48, 2, 2, 0, 0, 0, 0, 0, 0, NULL),
(760, 8, 'Woodway 4', 3000, 0, 15, 1, 1, 0, 0, 0, 0, 0, 0, NULL),
(761, 8, 'Flamingo Flats 5', 12000, 0, 60, 1, 1, 0, 0, 0, 0, 0, 0, NULL),
(762, 8, 'Flamingo Flats 4', 5000, 0, 25, 1, 2, 0, 0, 0, 0, 0, 0, NULL),
(763, 8, 'Flamingo Flats 3', 4000, 0, 20, 1, 2, 0, 0, 0, 0, 0, 0, NULL),
(764, 8, 'Flamingo Flats 2', 6000, 0, 30, 1, 2, 0, 0, 0, 0, 0, 0, NULL),
(765, 8, 'Flamingo Flats 1', 4000, 0, 20, 1, 2, 0, 0, 0, 0, 1472179224, 0, NULL),
(766, 8, 'Jungle Edge 6', 3200, 0, 16, 1, 1, 0, 0, 0, 0, 0, 0, NULL),
(767, 8, 'Jungle Edge 5', 5000, 0, 25, 1, 2, 0, 0, 0, 0, 0, 0, NULL),
(768, 8, 'Jungle Edge 4', 5000, 0, 25, 1, 2, 0, 0, 0, 0, 0, 0, NULL),
(769, 8, 'Jungle Edge 3', 5000, 0, 25, 1, 2, 0, 0, 0, 0, 0, 0, NULL),
(770, 8, 'Jungle Edge 2', 19600, 0, 98, 3, 3, 0, 0, 0, 0, 0, 0, NULL),
(771, 8, 'Jungle Edge 1', 14400, 0, 72, 1, 3, 0, 0, 0, 0, 0, 0, NULL),
(772, 8, 'River Homes 2a', 7200, 0, 36, 1, 2, 0, 0, 0, 0, 0, 0, NULL),
(773, 8, 'River Homes 2b', 8400, 0, 42, 1, 3, 0, 0, 0, 0, 0, 0, NULL),
(774, 8, 'River Homes 3', 28000, 0, 140, 3, 7, 0, 0, 0, 0, 0, 0, NULL),
(775, 8, 'Coconut Quay 1', 9800, 0, 49, 1, 2, 0, 0, 0, 0, 0, 0, NULL),
(776, 8, 'Shark Manor', 48000, 1, 240, 8, 15, 0, 0, 0, 0, 0, 0, NULL),
(777, 6, 'Oskahl I j', 5200, 0, 26, 1, 1, 0, 0, 0, 0, 0, 0, NULL),
(778, 6, 'Oskahl I f', 6800, 0, 34, 1, 1, 0, 0, 0, 0, 0, 0, NULL),
(779, 6, 'Oskahl I i', 4800, 0, 24, 0, 1, 0, 0, 0, 0, 0, 0, NULL),
(780, 6, 'Oskahl I g', 8400, 0, 42, 1, 2, 0, 0, 0, 0, 0, 0, NULL),
(781, 6, 'Oskahl I h', 15600, 0, 78, 3, 3, 0, 0, 0, 0, 0, 0, NULL),
(782, 6, 'Oskahl I d', 7000, 0, 35, 1, 2, 0, 0, 0, 0, 0, 0, NULL),
(783, 6, 'Oskahl I b', 8400, 0, 42, 1, 1, 0, 0, 0, 0, 0, 0, NULL),
(784, 6, 'Oskahl I c', 6000, 0, 30, 1, 1, 0, 0, 0, 0, 0, 0, NULL),
(785, 6, 'Oskahl I e', 5000, 0, 25, 1, 1, 0, 0, 0, 0, 0, 0, NULL),
(786, 6, 'Oskahl I a', 11800, 0, 59, 1, 2, 0, 0, 0, 0, 0, 0, NULL),
(787, 6, 'Chameken I', 6000, 0, 30, 1, 1, 0, 0, 0, 0, 0, 0, NULL),
(788, 6, 'Charsirakh III', 6600, 0, 33, 1, 1, 0, 0, 0, 0, 0, 0, NULL),
(789, 6, 'Murkhol I d', 3800, 0, 19, 1, 1, 0, 0, 0, 0, 0, 0, NULL),
(790, 6, 'Murkhol I c', 2200, 0, 11, 1, 1, 0, 0, 0, 0, 0, 0, NULL),
(791, 6, 'Murkhol I b', 3200, 0, 16, 1, 1, 0, 0, 0, 0, 0, 0, NULL),
(792, 6, 'Murkhol I a', 5400, 0, 27, 1, 1, 0, 0, 0, 0, 0, 0, NULL),
(793, 6, 'Charsirakh II', 8400, 0, 42, 1, 2, 0, 0, 0, 0, 0, 0, NULL),
(794, 6, 'Charsirakh I b', 11800, 0, 59, 1, 2, 0, 0, 0, 0, 0, 0, NULL),
(795, 6, 'Charsirakh I a', 3600, 0, 18, 1, 1, 0, 0, 0, 0, 1472114425, 0, NULL),
(796, 6, 'Harrah I', 40000, 1, 200, 6, 10, 0, 0, 0, 0, 0, 0, NULL),
(797, 6, 'Othehothep I d', 12000, 0, 60, 3, 4, 0, 0, 0, 0, 0, 0, NULL),
(798, 6, 'Othehothep I c', 14200, 0, 71, 2, 3, 0, 0, 0, 0, 0, 0, NULL),
(799, 6, 'Othehothep I b', 11200, 0, 56, 2, 2, 0, 0, 0, 0, 0, 0, NULL),
(800, 6, 'Othehothep I a', 4000, 0, 20, 1, 1, 0, 0, 0, 0, 0, 0, NULL),
(801, 6, 'Thanah II d', 3200, 0, 16, 1, 1, 0, 0, 0, 0, 0, 0, NULL),
(802, 6, 'Thanah II e', 3200, 0, 16, 1, 1, 0, 0, 0, 0, 0, 0, NULL),
(803, 6, 'Thanah II c', 4800, 0, 24, 1, 1, 0, 0, 0, 0, 0, 0, NULL),
(804, 6, 'Thanah II b', 4800, 0, 24, 1, 1, 0, 0, 0, 0, 0, 0, NULL),
(805, 6, 'Thanah II a', 6600, 0, 33, 1, 1, 0, 0, 0, 0, 0, 0, NULL),
(806, 6, 'Thanah II g', 8400, 0, 42, 1, 2, 0, 0, 0, 0, 0, 0, NULL),
(807, 6, 'Thanah II f', 18600, 0, 93, 3, 3, 0, 0, 0, 0, 0, 0, NULL),
(808, 6, 'Thanah II h', 6400, 0, 32, 2, 2, 0, 0, 0, 0, 0, 0, NULL),
(809, 6, 'Thanah I d', 13200, 0, 66, 4, 4, 0, 0, 0, 0, 0, 0, NULL),
(810, 6, 'Thanah I c', 20600, 0, 103, 4, 3, 0, 0, 0, 0, 0, 0, NULL),
(811, 6, 'Thanah I b', 18000, 0, 90, 3, 3, 0, 1472067639, 0, 5, 1472420422, 0, NULL),
(812, 6, 'Thanah I a', 6000, 0, 30, 1, 1, 0, 0, 0, 0, 0, 0, NULL),
(813, 6, 'Othehothep II e', 9800, 0, 49, 1, 2, 0, 0, 0, 0, 0, 0, NULL),
(814, 6, 'Othehothep II f', 7000, 0, 35, 1, 2, 0, 0, 0, 0, 0, 0, NULL),
(815, 6, 'Othehothep II c', 8200, 0, 41, 1, 1, 0, 0, 0, 0, 0, 0, NULL),
(816, 6, 'Othehothep II d', 7200, 0, 36, 1, 1, 0, 0, 0, 0, 0, 0, NULL),
(817, 6, 'Othehothep II b', 14400, 0, 72, 3, 3, 0, 0, 0, 0, 0, 0, NULL),
(818, 6, 'Othehothep II a', 5000, 0, 25, 1, 1, 0, 0, 0, 0, 0, 0, NULL),
(819, 6, 'Mothrem I', 9800, 0, 49, 1, 2, 0, 0, 0, 0, 0, 0, NULL),
(820, 6, 'Othehothep III c', 8400, 0, 42, 1, 2, 0, 0, 0, 0, 0, 0, NULL),
(821, 6, 'Othehothep III d', 7600, 0, 38, 1, 1, 0, 0, 0, 0, 0, 0, NULL),
(822, 6, 'Othehothep III f', 4000, 0, 20, 1, 1, 0, 0, 0, 0, 0, 0, NULL),
(823, 6, 'Othehothep III e', 7000, 0, 35, 1, 1, 0, 0, 0, 0, 0, 0, NULL),
(824, 6, 'Othehothep III b', 11200, 0, 56, 3, 2, 0, 0, 0, 0, 0, 0, NULL),
(825, 6, 'Othehothep III a', 4000, 0, 20, 1, 1, 0, 0, 0, 0, 0, 0, NULL),
(826, 6, 'Thrarhor I a (Shop)', 4400, 0, 22, 1, 1, 0, 0, 0, 0, 0, 0, NULL),
(827, 6, 'Thrarhor I b (Shop)', 4400, 0, 22, 1, 1, 0, 0, 0, 0, 0, 0, NULL),
(828, 6, 'Thrarhor I d (Shop)', 3800, 0, 19, 1, 1, 0, 0, 0, 0, 0, 0, NULL),
(829, 6, 'Thrarhor I c (Shop)', 3800, 0, 19, 1, 1, 0, 0, 0, 0, 0, 0, NULL),
(830, 6, 'Arakmehn I', 9400, 0, 47, 1, 3, 0, 0, 0, 0, 0, 0, NULL),
(831, 6, 'Arakmehn II', 8400, 0, 42, 1, 1, 0, 0, 0, 0, 0, 0, NULL),
(832, 6, 'Unklath I d', 12600, 0, 63, 1, 3, 0, 0, 0, 0, 0, 0, NULL),
(833, 6, 'Unklath I f', 11200, 0, 56, 1, 2, 0, 0, 0, 0, 0, 0, NULL),
(834, 6, 'Unklath I g', 8400, 0, 42, 1, 1, 0, 0, 0, 0, 0, 0, NULL),
(835, 6, 'Unklath I e', 11200, 0, 56, 1, 2, 0, 0, 0, 0, 0, 0, NULL),
(836, 6, 'Unklath I b', 12000, 0, 60, 2, 2, 0, 0, 0, 0, 0, 0, NULL),
(837, 6, 'Unklath I c', 10600, 0, 53, 2, 2, 0, 0, 0, 0, 0, 0, NULL),
(838, 6, 'Unklath I a', 9000, 0, 45, 1, 2, 0, 0, 0, 0, 0, 0, NULL),
(839, 6, 'Arakmehn III', 9800, 0, 49, 1, 2, 0, 0, 0, 0, 0, 0, NULL),
(840, 6, 'Arakmehn IV', 11000, 0, 55, 1, 2, 0, 0, 0, 0, 0, 0, NULL),
(841, 6, 'Unklath II c', 6000, 0, 30, 1, 1, 0, 0, 0, 0, 0, 0, NULL),
(842, 6, 'Unklath II b', 7000, 0, 35, 1, 1, 0, 0, 0, 0, 0, 0, NULL),
(843, 6, 'Unklath II d', 10000, 0, 50, 1, 2, 0, 0, 0, 0, 0, 0, NULL),
(844, 6, 'Unklath II a', 9000, 0, 45, 1, 1, 0, 0, 0, 0, 0, 0, NULL),
(845, 6, 'Rathal I b', 7200, 0, 36, 1, 1, 0, 0, 0, 0, 0, 0, NULL),
(846, 6, 'Rathal I c', 6000, 0, 30, 1, 1, 0, 0, 0, 0, 0, 0, NULL),
(847, 6, 'Rathal I d', 5800, 0, 29, 1, 2, 0, 0, 0, 0, 0, 0, NULL),
(848, 6, 'Rathal I e', 4000, 0, 20, 1, 2, 0, 0, 0, 0, 0, 0, NULL),
(849, 6, 'Rathal I a', 8200, 0, 41, 1, 2, 0, 0, 0, 0, 0, 0, NULL),
(850, 6, 'Uthemath I e', 7200, 0, 36, 1, 2, 0, 0, 0, 0, 0, 0, NULL),
(851, 6, 'Uthemath I d', 8200, 0, 41, 1, 1, 0, 0, 0, 0, 0, 0, NULL),
(852, 6, 'Uthemath I f', 17400, 0, 87, 4, 3, 0, 0, 0, 0, 0, 0, NULL),
(855, 6, 'Uthemath I b', 9000, 0, 45, 2, 1, 0, 0, 0, 0, 0, 0, NULL),
(856, 6, 'Uthemath I c', 6400, 0, 32, 2, 2, 0, 0, 0, 0, 0, 0, NULL),
(857, 6, 'Uthemath I a', 4000, 0, 20, 1, 1, 0, 0, 0, 0, 0, 0, NULL),
(858, 6, 'Botham I c', 12800, 0, 64, 2, 2, 0, 0, 0, 0, 0, 0, NULL),
(859, 6, 'Botham I e', 9600, 0, 48, 1, 2, 0, 0, 0, 0, 0, 0, NULL),
(860, 6, 'Botham I d', 14000, 0, 70, 2, 3, 0, 0, 0, 0, 0, 0, NULL),
(861, 6, 'Botham I b', 20000, 0, 100, 3, 3, 0, 0, 0, 0, 0, 0, NULL),
(862, 6, 'Botham I a', 6800, 0, 34, 1, 1, 0, 0, 0, 0, 0, 0, NULL),
(863, 6, 'Rathal II b', 7200, 0, 36, 1, 1, 0, 0, 0, 0, 0, 0, NULL),
(864, 6, 'Rathal II d', 10600, 0, 53, 2, 2, 0, 0, 0, 0, 0, 0, NULL),
(865, 6, 'Rathal II c', 6000, 0, 30, 1, 1, 0, 0, 0, 0, 0, 0, NULL),
(866, 6, 'Rathal II a', 8400, 0, 42, 1, 1, 0, 0, 0, 0, 0, 0, NULL),
(867, 6, 'Esuph I', 6600, 0, 33, 1, 1, 0, 0, 0, 0, 0, 0, NULL),
(868, 6, 'Uthemath II', 32000, 1, 160, 3, 8, 0, 0, 0, 0, 0, 0, NULL),
(869, 6, 'Esuph II b', 11200, 0, 56, 2, 2, 0, 0, 0, 0, 0, 0, NULL),
(870, 6, 'Esuph II a', 4000, 0, 20, 1, 1, 0, 0, 0, 0, 0, 0, NULL),
(871, 6, 'Horakhal', 63400, 1, 317, 5, 14, 0, 0, 0, 0, 0, 0, NULL),
(872, 6, 'Esuph III b', 12200, 0, 61, 3, 2, 0, 0, 0, 0, 0, 0, NULL),
(873, 6, 'Esuph III a', 4000, 0, 20, 1, 1, 0, 0, 0, 0, 0, 0, NULL),
(874, 6, 'Esuph IV b', 5000, 0, 25, 1, 1, 0, 0, 0, 0, 0, 0, NULL),
(875, 6, 'Esuph IV d', 6400, 0, 32, 2, 1, 0, 0, 0, 0, 0, 0, NULL),
(876, 6, 'Esuph IV c', 4000, 0, 20, 1, 1, 0, 0, 0, 0, 0, 0, NULL),
(877, 6, 'Esuph IV a', 3200, 0, 16, 1, 1, 0, 0, 0, 0, 0, 0, NULL),
(878, 6, 'Botham II e', 8000, 0, 40, 1, 2, 0, 0, 0, 0, 0, 0, NULL),
(879, 6, 'Botham II d', 12600, 0, 63, 1, 2, 0, 0, 0, 0, 0, 0, NULL),
(880, 6, 'Botham II f', 9600, 0, 48, 1, 2, 0, 0, 0, 0, 0, 0, NULL),
(881, 6, 'Botham II g', 7200, 0, 36, 1, 2, 0, 0, 0, 0, 1472028025, 0, NULL),
(882, 6, 'Botham II c', 8000, 0, 40, 2, 2, 0, 0, 0, 0, 0, 0, NULL),
(883, 6, 'Botham II b', 11800, 0, 59, 2, 2, 0, 0, 0, 0, 0, 0, NULL),
(884, 6, 'Botham II a', 7200, 0, 36, 1, 1, 0, 0, 0, 0, 0, 0, NULL),
(885, 6, 'Botham III g', 9600, 0, 48, 1, 2, 0, 0, 0, 0, 0, 0, NULL),
(886, 6, 'Botham III f', 14200, 0, 71, 1, 3, 0, 0, 0, 0, 0, 0, NULL),
(887, 6, 'Botham III h', 16800, 0, 84, 3, 3, 0, 0, 0, 0, 0, 0, NULL),
(888, 6, 'Botham III d', 6000, 0, 30, 1, 1, 0, 0, 0, 0, 0, 0, NULL),
(889, 6, 'Botham III e', 4000, 0, 20, 1, 1, 0, 0, 0, 0, 0, 0, NULL),
(890, 6, 'Botham III c', 6000, 0, 30, 1, 1, 0, 0, 0, 0, 0, 0, NULL),
(891, 6, 'Botham III b', 6800, 0, 34, 1, 2, 0, 0, 0, 0, 0, 0, NULL),
(892, 6, 'Botham III a', 9600, 0, 48, 1, 2, 0, 0, 0, 0, 0, 0, NULL),
(893, 6, 'Botham IV i', 8400, 0, 42, 2, 3, 0, 0, 0, 0, 0, 0, NULL),
(894, 6, 'Botham IV h', 9600, 0, 48, 1, 1, 0, 0, 0, 0, 0, 0, NULL),
(895, 6, 'Botham IV f', 12600, 0, 63, 2, 2, 0, 0, 0, 0, 0, 0, NULL),
(896, 6, 'Botham IV g', 11200, 0, 56, 3, 2, 0, 0, 0, 0, 0, 0, NULL),
(897, 6, 'Botham IV b', 7200, 0, 36, 1, 1, 0, 0, 0, 0, 0, 0, NULL),
(898, 6, 'Botham IV c', 6000, 0, 30, 1, 1, 0, 0, 0, 0, 0, 0, NULL),
(899, 6, 'Botham IV d', 6000, 0, 30, 1, 1, 0, 0, 0, 0, 0, 0, NULL),
(900, 6, 'Botham IV e', 4000, 0, 20, 1, 1, 0, 0, 0, 0, 0, 0, NULL),
(903, 6, 'Botham IV a', 9800, 0, 49, 1, 2, 0, 0, 0, 0, 0, 0, NULL),
(904, 6, 'Ramen Tah', 48200, 1, 241, 5, 16, 0, 0, 0, 0, 0, 0, NULL),
(905, 6, 'Chameken II', 7800, 0, 39, 1, 1, 0, 0, 0, 0, 0, 0, NULL),
(906, 8, 'The Treehouse', 164400, 1, 822, 5, 23, 0, 0, 0, 0, 0, 0, NULL),
(907, 2, 'The Farms 6, Fishing Hut', 4200, 0, 21, 1, 2, 0, 0, 0, 0, 0, 0, NULL),
(908, 2, 'The Farms 1', 9000, 0, 45, 2, 3, 0, 0, 0, 0, 1472010025, 0, NULL),
(909, 2, 'The Farms 2', 5200, 0, 26, 1, 2, 0, 0, 0, 0, 0, 0, NULL),
(911, 2, 'The Farms 3', 5200, 0, 26, 1, 2, 0, 0, 0, 0, 0, 0, NULL),
(912, 2, 'The Farms 4', 5200, 0, 26, 1, 2, 0, 0, 0, 0, 0, 0, NULL),
(913, 2, 'The Farms 5', 5200, 0, 26, 1, 2, 0, 0, 0, 0, 0, 0, NULL),
(914, 1, 'Boat House', 35600, 0, 178, 2, 0, 0, 0, 0, 0, 0, 0, NULL),
(915, 9, 'Avar tar #915', 14200, 0, 71, 2, 0, 0, 0, 0, 0, 0, 0, NULL),
(917, 3, 'Thais Depot', 9200, 0, 46, 1, 1, 0, 0, 0, 0, 1472384422, 0, NULL),
(918, 12, 'Alva #1', 15000, 0, 75, 1, 2, 0, 0, 0, 0, 0, 0, NULL),
(919, 12, 'Alva #2', 7600, 0, 38, 1, 2, 0, 0, 0, 0, 1472028025, 0, NULL),
(920, 12, 'Alva #3', 4200, 0, 21, 1, 1, 0, 0, 0, 0, 0, 0, NULL),
(921, 12, 'Alva #4', 4200, 0, 21, 1, 1, 0, 0, 0, 0, 0, 0, NULL),
(922, 12, 'Alva #5', 4000, 0, 20, 1, 1, 0, 0, 0, 0, 0, 0, NULL),
(923, 12, 'Alva #6', 22200, 0, 111, 1, 2, 0, 0, 0, 0, 0, 0, NULL),
(924, 12, 'Alva #7', 3200, 0, 16, 1, 0, 0, 0, 0, 0, 0, 0, NULL),
(925, 12, 'Alva #8', 4000, 0, 20, 1, 0, 0, 0, 0, 0, 0, 0, NULL),
(926, 12, 'Alva #9', 4000, 0, 20, 1, 0, 0, 0, 0, 0, 0, 0, NULL),
(927, 12, 'Alva #10', 3200, 0, 16, 1, 0, 0, 0, 0, 0, 0, 0, NULL),
(928, 12, 'Alva #11', 3600, 0, 18, 1, 0, 0, 0, 0, 0, 1472274623, 0, NULL),
(929, 5, 'Carlin Temple #1', 8400, 0, 42, 1, 2, 0, 0, 0, 0, 0, 0, NULL),
(930, 5, 'Carlin Temple #2', 4800, 0, 24, 1, 1, 0, 0, 0, 0, 0, 0, NULL),
(931, 5, 'Carlin Temple #3', 4800, 0, 24, 1, 1, 0, 0, 0, 0, 0, 0, NULL),
(932, 11, 'Rookgaad #01', 8000, 0, 40, 1, 2, 0, 0, 0, 0, 0, 0, NULL),
(933, 11, 'Rookgaad #02', 6000, 0, 30, 1, 1, 0, 0, 0, 0, 1472010026, 0, NULL),
(934, 11, 'Rookgaad #03', 6000, 0, 30, 1, 1, 0, 1472143230, 0, 7, 1472492422, 0, NULL),
(935, 11, 'Rookgaad #04', 2400, 0, 12, 1, 1, 0, 0, 0, 0, 0, 0, NULL),
(936, 11, 'Rookgaad #05', 1600, 0, 8, 1, 1, 0, 1472501424, 0, 0, 1471289439, 0, NULL),
(937, 11, 'Rookgaad #06', 2400, 0, 12, 1, 1, 0, 0, 0, 0, 0, 0, NULL),
(938, 11, 'Rookgaad #07', 15800, 0, 79, 1, 2, 0, 0, 0, 0, 0, 0, NULL),
(939, 11, 'Rookgaad #08', 12800, 0, 64, 2, 1, 0, 0, 0, 0, 0, 0, NULL),
(940, 11, 'Rookgaad #09', 2400, 0, 12, 1, 1, 0, 0, 0, 0, 0, 0, NULL),
(941, 11, 'Rookgaad #10', 1800, 0, 9, 1, 1, 0, 1473021622, 0, 0, 1471201574, 0, NULL),
(942, 11, 'Rookgaad #12', 4200, 0, 21, 1, 1, 0, 0, 0, 0, 0, 0, NULL),
(943, 11, 'Rookgaad #11', 8400, 0, 42, 1, 1, 0, 0, 0, 0, 0, 0, NULL),
(944, 11, 'Rookgaard #13', 8600, 0, 43, 1, 0, 0, 1471990253, 0, 7, 1472427622, 0, NULL),
(945, 11, 'Rookgaard #14', 2400, 0, 12, 1, 0, 0, 1473091822, 0, 2, 1471801226, 0, NULL),
(946, 11, 'Rookgaard #15', 4000, 0, 20, 1, 0, 0, 1472899222, 0, 0, 1471686721, 0, NULL),
(947, 11, 'Rookgaard #16', 800, 0, 4, 1, 0, 0, 1473037822, 0, 1, 1471209050, 0, NULL),
(949, 11, 'Rookgaard #17', 3200, 0, 16, 1, 1, 0, 0, 0, 0, 0, 0, NULL),
(950, 11, 'Rookgaard #18', 2400, 0, 12, 1, 1, 0, 0, 0, 0, 0, 0, NULL),
(951, 11, 'Rookgaard #19', 3800, 0, 19, 1, 1, 0, 0, 0, 0, 1472179225, 0, NULL),
(952, 11, 'Rookgaard #20', 2400, 0, 12, 1, 0, 0, 0, 0, 0, 0, 0, NULL),
(953, 10, 'GM #953', 5000, 0, 25, 0, 0, 0, 0, 0, 0, 0, 0, NULL),
(954, 4, 'Venore DP #1', 7000, 0, 35, 1, 0, 0, 0, 0, 0, 0, 0, NULL),
(955, 4, 'Venore DP #2', 5600, 0, 28, 1, 0, 0, 0, 0, 0, 0, 0, NULL),
(956, 4, 'Venore DP #3', 10000, 0, 50, 1, 0, 0, 0, 0, 0, 0, 0, NULL);

CREATE TABLE `house_auctions` (
  `id` int(10) UNSIGNED NOT NULL,
  `house_id` int(10) UNSIGNED NOT NULL,
  `player_id` int(10) UNSIGNED NOT NULL,
  `bid` int(10) UNSIGNED NOT NULL DEFAULT '0',
  `limit` int(10) UNSIGNED NOT NULL DEFAULT '0',
  `endtime` int(10) UNSIGNED NOT NULL DEFAULT '0'
) ENGINE=InnoDB DEFAULT CHARSET=utf8;

CREATE TABLE `house_lists` (
  `house_id` int(10) UNSIGNED NOT NULL,
  `listid` int(11) NOT NULL,
  `list` text NOT NULL
) ENGINE=InnoDB DEFAULT CHARSET=utf8;

CREATE TABLE `killers` (
  `id` int(10) UNSIGNED NOT NULL,
  `death_id` int(10) UNSIGNED NOT NULL,
  `final_hit` tinyint(1) NOT NULL DEFAULT '1',
  `war` int(11) NOT NULL DEFAULT '0'
) ENGINE=InnoDB DEFAULT CHARSET=utf8;

CREATE TABLE `map_store` (
  `house_id` int(10) UNSIGNED NOT NULL,
  `data` longblob NOT NULL
) ENGINE=InnoDB DEFAULT CHARSET=utf8;

CREATE TABLE `pagsegurotransacoes` (
  `TransacaoID` varchar(36) NOT NULL,
  `VendedorEmail` varchar(200) NOT NULL,
  `Referencia` varchar(200) DEFAULT NULL,
  `TipoFrete` char(2) DEFAULT NULL,
  `ValorFrete` decimal(10,2) DEFAULT NULL,
  `Extras` decimal(10,2) DEFAULT NULL,
  `Anotacao` text,
  `TipoPagamento` varchar(50) NOT NULL,
  `StatusTransacao` varchar(50) NOT NULL,
  `CliNome` varchar(200) NOT NULL,
  `CliEmail` varchar(200) NOT NULL,
  `CliEndereco` varchar(200) NOT NULL,
  `CliNumero` varchar(10) DEFAULT NULL,
  `CliComplemento` varchar(100) DEFAULT NULL,
  `CliBairro` varchar(100) NOT NULL,
  `CliCidade` varchar(100) NOT NULL,
  `CliEstado` char(2) NOT NULL,
  `CliCEP` varchar(9) NOT NULL,
  `CliTelefone` varchar(14) DEFAULT NULL,
  `NumItens` int(11) NOT NULL,
  `Data` datetime NOT NULL,
  `ProdQuantidade_x` int(5) NOT NULL,
  `status` tinyint(1) UNSIGNED NOT NULL DEFAULT '0'
) ENGINE=MyISAM DEFAULT CHARSET=latin1;

INSERT INTO `pagsegurotransacoes` (`TransacaoID`, `VendedorEmail`, `Referencia`, `TipoFrete`, `ValorFrete`, `Extras`, `Anotacao`, `TipoPagamento`, `StatusTransacao`, `CliNome`, `CliEmail`, `CliEndereco`, `CliNumero`, `CliComplemento`, `CliBairro`, `CliCidade`, `CliEstado`, `CliCEP`, `CliTelefone`, `NumItens`, `Data`, `ProdQuantidade_x`, `status`) VALUES
('31C5DB49-5240-4BA6-AB81-1BFE6115D859', 'bruno-miguel1994@hotmail.com', '608065', 'NR', '0.00', '0.00', 'Pontos na account de nome: 608065', 'Carto de Crdito', 'Aprovado', 'Marcelo Erico', 'lmontecchio@hotmail.com', 'RUA LUIS DOMINGUES', '23', '', 'Centro', 'IMPERATRIZ', 'MA', '65901430', '(11) 991546621', 100, '2016-06-30 14:13:09', 100, 0);

CREATE TABLE `paygol` (
  `id` int(10) UNSIGNED NOT NULL,
  `account_id` int(10) UNSIGNED NOT NULL,
  `points` double NOT NULL,
  `transaction_id` varchar(255) NOT NULL,
  `time` varchar(255) NOT NULL
) ENGINE=InnoDB DEFAULT CHARSET=latin1;

INSERT INTO `paygol` (`id`, `account_id`, `points`, `transaction_id`, `time`) VALUES
(1, 260894, 225, 'BDBN-NVVU-9B8Q-PNT7', 'August 7, 2016, 9:59 pm');

CREATE TABLE `paymenthistory` (
  `id` int(10) NOT NULL,
  `method` tinyint(1) NOT NULL,
  `points` int(10) NOT NULL,
  `account` int(10) NOT NULL
) ENGINE=MyISAM DEFAULT CHARSET=latin1;

CREATE TABLE `paypal` (
  `id` int(10) UNSIGNED NOT NULL,
  `account_id` int(10) UNSIGNED NOT NULL,
  `value` double NOT NULL,
  `email` varchar(255) NOT NULL,
  `time` varchar(255) NOT NULL
) ENGINE=InnoDB DEFAULT CHARSET=latin1;

CREATE TABLE `players` (
  `id` int(10) UNSIGNED NOT NULL,
  `name` varchar(255) NOT NULL,
  `account_id` int(10) UNSIGNED NOT NULL,
  `group_id` int(10) UNSIGNED NOT NULL COMMENT 'users group',
  `sex` int(10) UNSIGNED NOT NULL DEFAULT '0',
  `vocation` int(10) UNSIGNED NOT NULL DEFAULT '0',
  `experience` bigint(20) UNSIGNED NOT NULL DEFAULT '0',
  `level` int(10) UNSIGNED NOT NULL DEFAULT '1',
  `maglevel` int(10) UNSIGNED NOT NULL DEFAULT '0',
  `health` int(11) NOT NULL DEFAULT '100',
  `healthmax` int(11) NOT NULL DEFAULT '100',
  `mana` int(11) NOT NULL DEFAULT '100',
  `manamax` int(11) NOT NULL DEFAULT '100',
  `manaspent` int(10) UNSIGNED NOT NULL DEFAULT '0',
  `soul` int(10) UNSIGNED NOT NULL DEFAULT '0',
  `direction` int(10) UNSIGNED NOT NULL DEFAULT '0',
  `lookbody` int(10) UNSIGNED NOT NULL DEFAULT '10',
  `lookfeet` int(10) UNSIGNED NOT NULL DEFAULT '10',
  `lookhead` int(10) UNSIGNED NOT NULL DEFAULT '10',
  `looklegs` int(10) UNSIGNED NOT NULL DEFAULT '10',
  `looktype` int(10) UNSIGNED NOT NULL DEFAULT '136',
  `posx` int(11) NOT NULL DEFAULT '0',
  `posy` int(11) NOT NULL DEFAULT '0',
  `posz` int(11) NOT NULL DEFAULT '0',
  `cap` int(11) NOT NULL DEFAULT '0',
  `lastlogin` int(10) UNSIGNED NOT NULL DEFAULT '0',
  `lastlogout` int(10) UNSIGNED NOT NULL DEFAULT '0',
  `lastip` int(10) UNSIGNED NOT NULL DEFAULT '0',
  `save` tinyint(1) NOT NULL DEFAULT '1',
  `conditions` blob NOT NULL COMMENT 'drunk, poisoned etc',
  `skull_type` int(11) NOT NULL DEFAULT '0',
  `skull_time` int(10) UNSIGNED NOT NULL DEFAULT '0',
  `loss_experience` int(11) NOT NULL DEFAULT '100',
  `loss_mana` int(11) NOT NULL DEFAULT '100',
  `loss_skills` int(11) NOT NULL DEFAULT '100',
  `loss_items` int(11) NOT NULL DEFAULT '10',
  `loss_containers` int(11) NOT NULL DEFAULT '100',
  `bless` tinyint(1) DEFAULT '0',
  `town_id` int(11) NOT NULL COMMENT 'old masterpos, temple spawn point position',
  `balance` int(11) NOT NULL DEFAULT '0' COMMENT 'money balance of the player for houses paying',
  `online` tinyint(1) NOT NULL DEFAULT '0',
  `rank_id` int(11) NOT NULL COMMENT 'only if you use __OLD_GUILD_SYSTEM__',
  `guildnick` varchar(255) NOT NULL COMMENT 'only if you use __OLD_GUILD_SYSTEM__',
  `deleted` tinyint(1) NOT NULL DEFAULT '0',
  `description` varchar(255) NOT NULL DEFAULT '',
  `comment` varchar(255) NOT NULL DEFAULT '',
  `create_ip` varchar(30) NOT NULL DEFAULT '0',
  `create_date` int(11) NOT NULL DEFAULT '0',
  `hide_char` int(11) NOT NULL DEFAULT '0',
  `world_id` int(11) NOT NULL DEFAULT '0',
  `vote` int(11) NOT NULL,
  `premend` int(10) UNSIGNED NOT NULL DEFAULT '0',
  `auction_balance` int(11) NOT NULL DEFAULT '0',
  `signature` text,
  `icon_id` tinyint(4) NOT NULL DEFAULT '1',
  `cast` tinyint(4) NOT NULL DEFAULT '0',
  `castViewers` int(11) NOT NULL DEFAULT '0',
  `castDescription` varchar(255) DEFAULT NULL,
  `init_exp` int(11) NOT NULL DEFAULT '0',
  `exp_made` int(11) NOT NULL DEFAULT '0',
  `runesDone` int(11) NOT NULL DEFAULT '0',
  `exphist_lastexp` bigint(20) NOT NULL DEFAULT '0',
  `exphist1` bigint(20) NOT NULL DEFAULT '0',
  `exphist2` bigint(20) NOT NULL DEFAULT '0',
  `exphist3` bigint(20) NOT NULL DEFAULT '0',
  `exphist4` bigint(20) NOT NULL DEFAULT '0',
  `exphist5` bigint(20) NOT NULL DEFAULT '0',
  `exphist6` bigint(20) NOT NULL DEFAULT '0',
  `exphist7` bigint(20) NOT NULL DEFAULT '0',
  `onlinetimetoday` bigint(20) NOT NULL DEFAULT '0',
  `onlinetime1` bigint(20) NOT NULL DEFAULT '0',
  `onlinetime2` bigint(20) NOT NULL DEFAULT '0',
  `onlinetime3` bigint(20) NOT NULL DEFAULT '0',
  `onlinetime4` bigint(20) NOT NULL DEFAULT '0',
  `onlinetime5` bigint(20) NOT NULL DEFAULT '0',
  `onlinetime6` bigint(20) NOT NULL DEFAULT '0',
  `onlinetime7` bigint(20) NOT NULL DEFAULT '0',
  `onlinetimeall` bigint(20) NOT NULL DEFAULT '0'
) ENGINE=InnoDB DEFAULT CHARSET=utf8;

INSERT INTO `players` (`id`, `name`, `account_id`, `group_id`, `sex`, `vocation`, `experience`, `level`, `maglevel`, `health`, `healthmax`, `mana`, `manamax`, `manaspent`, `soul`, `direction`, `lookbody`, `lookfeet`, `lookhead`, `looklegs`, `looktype`, `posx`, `posy`, `posz`, `cap`, `lastlogin`, `lastlogout`, `lastip`, `save`, `conditions`, `skull_type`, `skull_time`, `loss_experience`, `loss_mana`, `loss_skills`, `loss_items`, `loss_containers`, `bless`, `town_id`, `balance`, `online`, `rank_id`, `guildnick`, `deleted`, `description`, `comment`, `create_ip`, `create_date`, `hide_char`, `world_id`, `vote`, `premend`, `auction_balance`, `signature`, `icon_id`, `cast`, `castViewers`, `castDescription`, `init_exp`, `exp_made`, `runesDone`, `exphist_lastexp`, `exphist1`, `exphist2`, `exphist3`, `exphist4`, `exphist5`, `exphist6`, `exphist7`, `onlinetimetoday`, `onlinetime1`, `onlinetime2`, `onlinetime3`, `onlinetime4`, `onlinetime5`, `onlinetime6`, `onlinetime7`, `onlinetimeall`) VALUES
(74622, 'Account Manager', 260894, 1, 0, 0, 4200, 8, 0, 185, 185, 35, 35, 0, 100, 2, 44, 98, 15, 76, 128, 0, 0, 0, 420, 0, 1469909466, 16777343, 1, '', 0, 0, 55, 55, 55, 10, 100, 0, 1, 0, 0, 0, '', 0, '', '', '0', 0, 1, 0, 0, 0, 0, '', 1, 0, 2, '', 4200, 0, 0, 0, 0, 0, 0, 0, 0, 0, 0, 0, 0, 0, 0, 0, 0, 0, 0, 0),
(74623, 'Rook Sample', 260894, 1, 0, 0, 4200, 8, 0, 185, 185, 35, 35, 0, 100, 0, 44, 98, 15, 76, 128, 0, 0, 0, 420, 0, 0, 0, 1, '', 0, 0, 55, 55, 55, 10, 100, 0, 1, 0, 0, 0, '', 0, '', '', '0', 0, 1, 0, 0, 0, 0, '', 1, 0, 0, '', 4200, 0, 0, 0, 0, 0, 0, 0, 0, 0, 0, 0, 0, 0, 0, 0, 0, 0, 0, 0),
(74624, 'Sorcerer Sample', 260894, 1, 0, 1, 4200, 8, 0, 185, 185, 35, 35, 0, 100, 2, 44, 98, 15, 76, 128, 0, 0, 0, 420, 0, 1469910469, 16777343, 1, '', 0, 0, 55, 55, 55, 10, 100, 0, 1, 0, 0, 0, '', 0, '', '', '0', 0, 1, 0, 0, 0, 0, '', 1, 0, 1, '', 4200, 0, 0, 0, 0, 0, 0, 0, 0, 0, 0, 0, 0, 0, 0, 0, 0, 0, 0, 0),
(74625, 'Druid Sample', 260894, 1, 0, 2, 4200, 8, 0, 185, 185, 35, 35, 0, 100, 2, 44, 98, 15, 76, 128, 0, 0, 0, 420, 0, 1469910432, 16777343, 1, '', 0, 0, 55, 55, 55, 10, 100, 0, 1, 0, 0, 0, '', 0, '', '', '0', 0, 1, 0, 0, 0, 0, '', 1, 0, 0, '', 4200, 0, 0, 0, 0, 0, 0, 0, 0, 0, 0, 0, 0, 0, 0, 0, 0, 0, 0, 0),
(74626, 'Paladin Sample', 260894, 1, 0, 3, 4200, 8, 0, 185, 185, 35, 35, 0, 100, 2, 44, 98, 15, 76, 128, 0, 0, 0, 420, 0, 1469910457, 16777343, 1, '', 0, 0, 55, 55, 55, 10, 100, 0, 1, 0, 0, 0, '', 0, '', '', '0', 0, 1, 0, 0, 0, 0, '', 1, 0, 0, '', 4200, 0, 0, 0, 0, 0, 0, 0, 0, 0, 0, 0, 0, 0, 0, 0, 0, 0, 0, 0),
(74627, 'Knight Sample', 260894, 1, 0, 4, 4200, 8, 0, 185, 185, 35, 35, 0, 100, 2, 44, 98, 15, 76, 128, 0, 0, 0, 420, 0, 1469910442, 16777343, 1, '', 0, 0, 55, 55, 55, 10, 100, 0, 1, 0, 0, 0, '', 0, '', '', '0', 0, 1, 0, 0, 0, 0, '', 1, 0, 0, '', 4200, 0, 0, 0, 0, 0, 0, 0, 0, 0, 0, 0, 0, 0, 0, 0, 0, 0, 0, 0);
DELIMITER $$
CREATE TRIGGER `oncreate_players` AFTER INSERT ON `players` FOR EACH ROW BEGIN
	INSERT INTO `player_skills` (`player_id`, `skillid`, `value`) VALUES (NEW.`id`, 0, 10);
	INSERT INTO `player_skills` (`player_id`, `skillid`, `value`) VALUES (NEW.`id`, 1, 10);
	INSERT INTO `player_skills` (`player_id`, `skillid`, `value`) VALUES (NEW.`id`, 2, 10);
	INSERT INTO `player_skills` (`player_id`, `skillid`, `value`) VALUES (NEW.`id`, 3, 10);
	INSERT INTO `player_skills` (`player_id`, `skillid`, `value`) VALUES (NEW.`id`, 4, 10);
	INSERT INTO `player_skills` (`player_id`, `skillid`, `value`) VALUES (NEW.`id`, 5, 10);
	INSERT INTO `player_skills` (`player_id`, `skillid`, `value`) VALUES (NEW.`id`, 6, 10);
	INSERT INTO `exp_history`(`player_id`) VALUES (NEW.`id`);
END
$$
DELIMITER ;
DELIMITER $$
CREATE TRIGGER `ondelete_players` BEFORE DELETE ON `players` FOR EACH ROW BEGIN
	DELETE FROM `bans` WHERE `type` = 2 AND `value` = OLD.`id`;
	UPDATE `houses` SET `owner` = 0 WHERE `owner` = OLD.`id`;
	DELETE FROM `exp_history`WHERE `player_id` = OLD.`id`;
END
$$
DELIMITER ;

CREATE TABLE `player_deaths` (
  `id` int(10) UNSIGNED NOT NULL,
  `player_id` int(10) UNSIGNED NOT NULL,
  `date` int(10) UNSIGNED NOT NULL,
  `level` int(11) NOT NULL
) ENGINE=InnoDB DEFAULT CHARSET=utf8;

CREATE TABLE `player_depotitems` (
  `player_id` int(10) UNSIGNED NOT NULL,
  `sid` int(11) NOT NULL COMMENT 'any given range eg 0-100 will be reserved for depot lockers and all > 100 will be then normal items inside depots',
  `pid` int(11) NOT NULL DEFAULT '0',
  `itemtype` int(11) NOT NULL,
  `count` int(11) NOT NULL DEFAULT '0',
  `attributes` blob NOT NULL
) ENGINE=InnoDB DEFAULT CHARSET=utf8;

CREATE TABLE `player_items` (
  `player_id` int(10) UNSIGNED NOT NULL,
  `sid` int(11) NOT NULL,
  `pid` int(11) NOT NULL DEFAULT '0',
  `itemtype` int(11) NOT NULL,
  `count` int(11) NOT NULL DEFAULT '0',
  `attributes` blob COMMENT 'replaces unique_id, action_id, text, special_desc'
) ENGINE=InnoDB DEFAULT CHARSET=utf8;

INSERT INTO `player_items` (`player_id`, `sid`, `pid`, `itemtype`, `count`, `attributes`) VALUES
(74624, 101, 3, 1998, 1, ''),
(74624, 102, 101, 2006, 7, 0x0f0710e8030000),
(74624, 103, 101, 2006, 7, 0x0f0710e8030000),
(74624, 104, 101, 2006, 7, 0x0f0710e8030000),
(74624, 105, 101, 2006, 7, 0x0f0710e8030000),
(74624, 106, 101, 2006, 10, 0x0f0a10e8030000),
(74624, 107, 101, 2789, 25, 0x0f19),
(74624, 108, 101, 2190, 1, ''),
(74624, 109, 101, 2643, 1, ''),
(74624, 110, 101, 2460, 1, ''),
(74624, 111, 101, 2478, 1, ''),
(74624, 112, 101, 2465, 1, ''),
(74624, 113, 101, 2511, 1, ''),
(74625, 101, 3, 1998, 1, ''),
(74625, 102, 101, 2006, 10, 0x0f0a10e8030000),
(74625, 103, 101, 2006, 7, 0x0f0710e8030000),
(74625, 104, 101, 2006, 7, 0x0f0710e8030000),
(74625, 105, 101, 2006, 7, 0x0f0710e8030000),
(74625, 106, 101, 2006, 7, 0x0f0710e8030000),
(74625, 107, 101, 2789, 25, 0x0f19),
(74625, 108, 101, 2182, 1, ''),
(74625, 109, 101, 2643, 1, ''),
(74625, 110, 101, 2460, 1, ''),
(74625, 111, 101, 2478, 1, ''),
(74625, 112, 101, 2465, 1, ''),
(74625, 113, 101, 2511, 1, ''),
(74626, 101, 3, 1998, 1, ''),
(74626, 102, 101, 2006, 10, 0x0f0a10e8030000),
(74626, 103, 101, 2006, 7, 0x0f0710e8030000),
(74626, 104, 101, 2006, 7, 0x0f0710e8030000),
(74626, 105, 101, 2006, 7, 0x0f0710e8030000),
(74626, 106, 101, 2006, 7, 0x0f0710e8030000),
(74626, 107, 101, 2789, 25, 0x0f19),
(74626, 108, 101, 2544, 30, 0x0f1e),
(74626, 109, 101, 2456, 1, ''),
(74626, 110, 101, 2389, 5, 0x0f05),
(74626, 111, 101, 2643, 1, ''),
(74626, 112, 101, 2460, 1, ''),
(74626, 113, 101, 2478, 1, ''),
(74626, 114, 101, 2465, 1, ''),
(74626, 115, 101, 2511, 1, ''),
(74627, 101, 3, 1998, 1, ''),
(74627, 102, 101, 2006, 7, 0x0f0710e8030000),
(74627, 103, 101, 2006, 7, 0x0f0710e8030000),
(74627, 104, 101, 2006, 7, 0x0f0710e8030000),
(74627, 105, 101, 2006, 7, 0x0f0710e8030000),
(74627, 106, 101, 2006, 10, 0x0f0a10e8030000),
(74627, 107, 101, 2789, 25, 0x0f19),
(74627, 108, 101, 2378, 1, ''),
(74627, 109, 101, 2383, 1, ''),
(74627, 110, 101, 2643, 1, ''),
(74627, 111, 101, 2460, 1, ''),
(74627, 112, 101, 2478, 1, ''),
(74627, 113, 101, 2465, 1, ''),
(74627, 114, 101, 2511, 1, ''),
(74628, 101, 3, 1998, 1, ''),
(74628, 102, 101, 2006, 7, 0x0f0710e8030000),
(74628, 103, 101, 2006, 7, 0x0f0710e8030000),
(74628, 104, 101, 2006, 7, 0x0f0710e8030000),
(74628, 105, 101, 2006, 7, 0x0f0710e8030000),
(74628, 106, 101, 2006, 10, 0x0f0a10e8030000),
(74628, 107, 101, 2789, 25, 0x0f19),
(74628, 108, 101, 2190, 1, ''),
(74628, 109, 101, 2643, 1, ''),
(74628, 110, 101, 2460, 1, ''),
(74628, 111, 101, 2478, 1, ''),
(74628, 112, 101, 2465, 1, ''),
(74628, 113, 101, 2511, 1, '');

CREATE TABLE `player_killers` (
  `kill_id` int(10) UNSIGNED NOT NULL,
  `player_id` int(10) UNSIGNED NOT NULL,
  `unjustified` tinyint(1) NOT NULL DEFAULT '0'
) ENGINE=InnoDB DEFAULT CHARSET=utf8;

CREATE TABLE `player_skills` (
  `player_id` int(10) UNSIGNED NOT NULL,
  `skillid` int(10) UNSIGNED NOT NULL,
  `value` int(10) UNSIGNED NOT NULL DEFAULT '0',
  `count` int(10) UNSIGNED NOT NULL DEFAULT '0'
) ENGINE=InnoDB DEFAULT CHARSET=utf8;

INSERT INTO `player_skills` (`player_id`, `skillid`, `value`, `count`) VALUES
(74622, 0, 10, 0),
(74622, 1, 10, 0),
(74622, 2, 10, 0),
(74622, 3, 10, 0),
(74622, 4, 10, 0),
(74622, 5, 10, 0),
(74622, 6, 10, 0),
(74623, 0, 10, 0),
(74623, 1, 10, 0),
(74623, 2, 10, 0),
(74623, 3, 10, 0),
(74623, 4, 10, 0),
(74623, 5, 10, 0),
(74623, 6, 10, 0),
(74624, 0, 10, 0),
(74624, 1, 10, 0),
(74624, 2, 10, 0),
(74624, 3, 10, 0),
(74624, 4, 10, 0),
(74624, 5, 10, 0),
(74624, 6, 10, 0),
(74625, 0, 10, 0),
(74625, 1, 10, 0),
(74625, 2, 10, 0),
(74625, 3, 10, 0),
(74625, 4, 10, 0),
(74625, 5, 10, 0),
(74625, 6, 10, 0),
(74626, 0, 10, 0),
(74626, 1, 10, 0),
(74626, 2, 10, 0),
(74626, 3, 10, 0),
(74626, 4, 10, 0),
(74626, 5, 10, 0),
(74626, 6, 10, 0),
(74627, 0, 10, 0),
(74627, 1, 10, 0),
(74627, 2, 10, 0),
(74627, 3, 10, 0),
(74627, 4, 10, 0),
(74627, 5, 10, 0),
(74627, 6, 10, 0);

CREATE TABLE `player_spells` (
  `player_id` int(10) UNSIGNED NOT NULL,
  `name` varchar(255) NOT NULL
) ENGINE=InnoDB DEFAULT CHARSET=utf8;

CREATE TABLE `player_storage` (
  `player_id` int(10) UNSIGNED NOT NULL,
  `key` int(11) NOT NULL,
  `value` int(11) NOT NULL
) ENGINE=InnoDB DEFAULT CHARSET=utf8;

CREATE TABLE `player_viplist` (
  `player_id` int(10) UNSIGNED NOT NULL COMMENT 'id of player whose viplist entry it is',
  `vip_id` int(10) UNSIGNED NOT NULL COMMENT 'id of target player of viplist entry'
) ENGINE=InnoDB DEFAULT CHARSET=utf8;

CREATE TABLE `pointsrecovery` (
  `id` int(11) NOT NULL,
  `transactionid` varchar(250) NOT NULL,
  `points` int(11) NOT NULL,
  `status` tinyint(1) DEFAULT '0' COMMENT 'False/True',
  `byaccount` int(10) DEFAULT NULL
) ENGINE=InnoDB DEFAULT CHARSET=latin1;

CREATE TABLE `schema_info` (
  `name` varchar(255) NOT NULL,
  `value` varchar(255) NOT NULL
) ENGINE=InnoDB DEFAULT CHARSET=utf8;

INSERT INTO `schema_info` (`name`, `value`) VALUES
('version', '24');

CREATE TABLE `sellchar_history` (
  `id` int(11) NOT NULL,
  `name` varchar(50) NOT NULL,
  `seller` int(11) NOT NULL,
  `buyer` int(11) NOT NULL,
  `price` int(11) NOT NULL,
  `date` timestamp NULL DEFAULT CURRENT_TIMESTAMP
) ENGINE=InnoDB DEFAULT CHARSET=latin1;

CREATE TABLE `server_record` (
  `record` int(11) NOT NULL,
  `world_id` tinyint(4) UNSIGNED NOT NULL DEFAULT '0',
  `timestamp` bigint(20) NOT NULL
) ENGINE=InnoDB DEFAULT CHARSET=latin1;

CREATE TABLE `teamspeak` (
  `id` int(10) UNSIGNED NOT NULL,
  `leader` int(10) UNSIGNED NOT NULL,
  `guild` int(10) UNSIGNED NOT NULL,
  `channel` varchar(255) NOT NULL,
  `password` varchar(255) NOT NULL DEFAULT '0',
  `created` tinyint(1) NOT NULL DEFAULT '0'
) ENGINE=InnoDB DEFAULT CHARSET=latin1;

CREATE TABLE `tickets` (
  `id` int(10) NOT NULL,
  `topic` varchar(50) DEFAULT NULL,
  `message` text NOT NULL,
  `first_post` int(10) NOT NULL,
  `post` int(10) NOT NULL,
  `date` timestamp NULL DEFAULT CURRENT_TIMESTAMP,
  `first` tinyint(1) DEFAULT '0'
) ENGINE=MyISAM DEFAULT CHARSET=latin1;

CREATE TABLE `tiles` (
  `id` int(10) UNSIGNED NOT NULL,
  `house_id` int(10) UNSIGNED NOT NULL DEFAULT '0',
  `x` int(5) UNSIGNED NOT NULL,
  `y` int(5) UNSIGNED NOT NULL,
  `z` int(2) UNSIGNED NOT NULL
) ENGINE=InnoDB DEFAULT CHARSET=utf8;

CREATE TABLE `tile_items` (
  `tile_id` int(10) UNSIGNED NOT NULL,
  `sid` int(11) NOT NULL,
  `pid` int(11) NOT NULL DEFAULT '0',
  `itemtype` int(11) NOT NULL,
  `count` int(11) NOT NULL DEFAULT '0',
  `attributes` blob NOT NULL
) ENGINE=InnoDB DEFAULT CHARSET=utf8;

CREATE TABLE `z_featured_article` (
  `id` int(11) NOT NULL,
  `title` text NOT NULL,
  `text` varchar(255) NOT NULL,
  `date` varchar(30) NOT NULL,
  `author` varchar(50) NOT NULL,
  `read_more` varchar(100) NOT NULL
) ENGINE=MyISAM DEFAULT CHARSET=latin1;

CREATE TABLE `z_forum` (
  `id` int(11) NOT NULL,
  `fixed` tinyint(1) NOT NULL DEFAULT '0',
  `first_post` int(11) NOT NULL DEFAULT '0',
  `last_post` int(11) NOT NULL DEFAULT '0',
  `section` int(3) NOT NULL DEFAULT '0',
  `replies` int(20) NOT NULL DEFAULT '0',
  `views` int(20) NOT NULL DEFAULT '0',
  `author_aid` int(20) NOT NULL DEFAULT '0',
  `author_guid` int(20) NOT NULL DEFAULT '0',
  `post_text` text NOT NULL,
  `post_topic` varchar(255) NOT NULL,
  `post_smile` tinyint(1) NOT NULL DEFAULT '0',
  `post_date` int(20) NOT NULL DEFAULT '0',
  `last_edit_aid` int(20) NOT NULL DEFAULT '0',
  `edit_date` int(20) NOT NULL DEFAULT '0',
  `post_ip` varchar(15) NOT NULL DEFAULT '0.0.0.0',
  `post_icon_id` tinyint(10) DEFAULT NULL,
  `icon_id` tinyint(4) NOT NULL DEFAULT '0',
  `language` int(11) NOT NULL DEFAULT '0'
) ENGINE=InnoDB DEFAULT CHARSET=latin1;

CREATE TABLE `z_guildshop_history_item` (
  `id` int(11) NOT NULL,
  `to_name` varchar(255) NOT NULL DEFAULT '0',
  `to_account` int(11) NOT NULL DEFAULT '0',
  `from_nick` varchar(255) NOT NULL,
  `from_account` int(11) NOT NULL DEFAULT '0',
  `price` int(11) NOT NULL DEFAULT '0',
  `offer_id` varchar(255) NOT NULL DEFAULT '',
  `trans_state` varchar(255) NOT NULL,
  `trans_start` int(11) NOT NULL DEFAULT '0',
  `trans_real` int(11) NOT NULL DEFAULT '0'
) ENGINE=InnoDB DEFAULT CHARSET=latin1;

CREATE TABLE `z_network_box` (
  `id` int(11) NOT NULL,
  `network_name` varchar(10) NOT NULL,
  `network_link` varchar(50) NOT NULL
) ENGINE=MyISAM DEFAULT CHARSET=latin1;

CREATE TABLE `z_news_tickers` (
  `date` int(11) NOT NULL DEFAULT '1',
  `author` int(11) NOT NULL,
  `image_id` int(3) NOT NULL DEFAULT '0',
  `text` text NOT NULL,
  `hide_ticker` tinyint(1) NOT NULL DEFAULT '0'
) ENGINE=MyISAM DEFAULT CHARSET=latin1;

INSERT INTO `z_news_tickers` (`date`, `author`, `image_id`, `text`, `hide_ticker`) VALUES
(1470491306, 260894, 2, '<strong>[Donation Recovery]</strong> Donations can be recovered by accessing \'Old Payment Recovery\' on Account Management page. ', 0),
(1470509446, 260894, 3, '<strong>[Server Information]</strong> Information about server can be read by clicking <a href=\"?view=info\">here</a>.', 0),
(1470939043, 260894, 2, '<strong>[Opening Date]</strong> Opening date has been update. Server will start at 3:00p Brazilian Time, or 20:00 CEST time.', 0),
(1471451941, 260894, 2, '<strong>[Bans]</strong> We have added a new system that help us to detect bothers. You can see a list of latest 30 bans on <a href=\"?view=bans\">this page</a>.', 0);

CREATE TABLE `z_ots_action` (
  `id` int(10) NOT NULL,
  `type` tinyint(1) NOT NULL,
  `message` varchar(250) NOT NULL,
  `status` tinyint(1) DEFAULT '0',
  `by` varchar(50) NOT NULL
) ENGINE=MyISAM DEFAULT CHARSET=latin1;

CREATE TABLE `z_ots_comunication` (
  `id` int(11) NOT NULL,
  `player` varchar(50) NOT NULL,
  `type` varchar(50) NOT NULL,
  `action` varchar(50) NOT NULL,
  `category` int(10) NOT NULL,
  `itemid` int(10) NOT NULL,
  `itemcount` int(10) NOT NULL,
  `itemname` varchar(255) NOT NULL,
  `offerid` int(10) NOT NULL
) ENGINE=InnoDB DEFAULT CHARSET=latin1;

CREATE TABLE `z_polls` (
  `id` int(11) NOT NULL,
  `question` varchar(255) NOT NULL,
  `end` int(11) NOT NULL,
  `start` int(11) NOT NULL,
  `answers` int(11) NOT NULL,
  `votes_all` int(11) NOT NULL
) ENGINE=MyISAM DEFAULT CHARSET=latin1;

CREATE TABLE `z_polls_answers` (
  `poll_id` int(11) NOT NULL,
  `answer_id` int(11) NOT NULL,
  `answer` varchar(255) NOT NULL,
  `votes` int(11) NOT NULL
) ENGINE=MyISAM DEFAULT CHARSET=latin1;

CREATE TABLE `z_shopguild_offer` (
  `id` int(11) NOT NULL,
  `points` int(11) NOT NULL DEFAULT '0',
  `itemid1` int(11) NOT NULL DEFAULT '0',
  `count1` int(11) NOT NULL DEFAULT '0',
  `itemid2` int(11) NOT NULL DEFAULT '0',
  `count2` int(11) NOT NULL DEFAULT '0',
  `offer_type` varchar(255) DEFAULT NULL,
  `offer_description` text NOT NULL,
  `offer_name` varchar(255) NOT NULL,
  `pid` int(11) NOT NULL DEFAULT '0',
  `category` int(11) NOT NULL,
  `bought` int(11) NOT NULL
) ENGINE=InnoDB DEFAULT CHARSET=latin1;

INSERT INTO `z_shopguild_offer` (`id`, `points`, `itemid1`, `count1`, `itemid2`, `count2`, `offer_type`, `offer_description`, `offer_name`, `pid`, `category`, `bought`) VALUES
(1, 300, 30, 30, 0, 0, NULL, '30 days <br> Unlock premium outfits<br>Ability to get promoted', 'Premium Time', 0, 4, 0),
(2, 300, 2358, 1, 0, 0, NULL, 'faster mana and health regeneration', 'Soft Boots', 0, 1, 0),
(3, 200, 12, 1, 0, 0, NULL, 'Give choosen player the ability to trade with Ciganum.<br>\nClick <a href=\"?view=info\">here</a> for more information.', 'Ciganum\'s Access', 0, 5, 0),
(4, 10, 2798, 10, 0, 0, NULL, '10x Blood Herbs', 'Blood Herb', 0, 1, 0),
(5, 10, 2678, 10, 0, 0, NULL, '10x coconuts', 'Coconut', 0, 1, 0);

CREATE TABLE `z_shop_containers` (
  `offerid` int(11) NOT NULL,
  `itemid` int(10) NOT NULL,
  `countitem` int(10) NOT NULL
) ENGINE=InnoDB DEFAULT CHARSET=latin1;

INSERT INTO `z_shop_containers` (`offerid`, `itemid`, `countitem`) VALUES
(9, 2160, 1),
(9, 2160, 2);

CREATE TABLE `z_shop_history_item` (
  `id` int(11) NOT NULL,
  `to_name` varchar(255) NOT NULL DEFAULT '0',
  `to_account` int(10) UNSIGNED NOT NULL,
  `from_nick` varchar(255) NOT NULL,
  `from_account` int(10) UNSIGNED NOT NULL,
  `price` int(11) NOT NULL DEFAULT '0',
  `offer_id` varchar(255) NOT NULL DEFAULT '',
  `trans_state` varchar(255) NOT NULL,
  `trans_start` int(11) NOT NULL DEFAULT '0',
  `trans_real` int(11) NOT NULL DEFAULT '0'
) ENGINE=InnoDB DEFAULT CHARSET=latin1;

CREATE TABLE `z_shop_offer` (
  `id` int(11) NOT NULL,
  `points` int(11) NOT NULL DEFAULT '0',
  `itemid1` int(11) NOT NULL DEFAULT '0',
  `count1` int(11) NOT NULL DEFAULT '0',
  `offer_type` varchar(255) DEFAULT NULL,
  `offer_description` text NOT NULL,
  `offer_name` varchar(255) NOT NULL,
  `category` int(11) DEFAULT '0',
  `bought` int(11) NOT NULL DEFAULT '0'
) ENGINE=InnoDB DEFAULT CHARSET=latin1;

INSERT INTO `z_shop_offer` (`id`, `points`, `itemid1`, `count1`, `offer_type`, `offer_description`, `offer_name`, `category`, `bought`) VALUES
(1, 10, 2487, 1, 'item', 'Crown Armor Desc', 'Crown Armor', 1, 1),
(2, 10, 2656, 1, 'mage', 'Blue Robe Desc', 'Blue Robe', 1, 0),
(3, 10, 2455, 1, 'paladin', 'Crossbow Desc', 'Crossbow', 1, 0),
(4, 10, 2457, 1, 'knight', 'Steel Helmet Desc', 'Steel Helmet', 1, 0),
(5, 10, 1987, 1, 'item', 'Bag of Money', 'Money', 2, 7),
(6, 200, 2160, 1, 'item', 'crystal', 'coin', 1, 0),
(7, 1, 2160, 3, 'paladin', 'c', 'k', 1, 0),
(9, 100, 1987, 1, 'item', 'Crystal Coin BP', 'CS', 2, 2),
(10, 100, 2160, 10, 'supply', 'CC', 'CC', 1, 0);

CREATE TABLE IF NOT EXISTS `global_mail` (
  `id` int(11) NOT NULL,
  `message` varchar(255) DEFAULT NULL,
  PRIMARY KEY (`id`)
) ENGINE=InnoDB DEFAULT CHARSET=latin1;

ALTER TABLE `accounts`
  ADD PRIMARY KEY (`id`);

ALTER TABLE `auction_system`
  ADD PRIMARY KEY (`id`),
  ADD KEY `player` (`player`);

ALTER TABLE `bank`
  ADD PRIMARY KEY (`id`);

ALTER TABLE `bans`
  ADD PRIMARY KEY (`id`),
  ADD KEY `type` (`type`,`value`),
  ADD KEY `expires` (`expires`),
  ADD KEY `admin_id` (`admin_id`);

ALTER TABLE `bounty_hunter`
  ADD PRIMARY KEY (`id`);

ALTER TABLE `cams`
  ADD PRIMARY KEY (`id`),
  ADD KEY `fk_grade_id` (`player`);

ALTER TABLE `characterauction`
  ADD PRIMARY KEY (`id`),
  ADD UNIQUE KEY `playerid` (`playerid`),
  ADD KEY `characterauction_ibfk_1` (`playerid`),
  ADD KEY `characterauction_ibfk_2` (`oldid`);

ALTER TABLE `environment_killers`
  ADD PRIMARY KEY (`kill_id`,`name`);

ALTER TABLE `exp_history`
  ADD PRIMARY KEY (`player_id`),
  ADD UNIQUE KEY `player_id` (`player_id`);

ALTER TABLE `global_storage`
  ADD PRIMARY KEY (`key`);

ALTER TABLE `groups`
  ADD PRIMARY KEY (`id`);

ALTER TABLE `guilds`
  ADD PRIMARY KEY (`id`),
  ADD UNIQUE KEY `name` (`name`),
  ADD KEY `owner_id` (`owner_id`);

ALTER TABLE `guild_invites`
  ADD UNIQUE KEY `player_id` (`player_id`),
  ADD KEY `guild_id` (`guild_id`);

ALTER TABLE `guild_kills`
  ADD PRIMARY KEY (`id`);

ALTER TABLE `guild_members`
  ADD UNIQUE KEY `player_id` (`player_id`),
  ADD KEY `rank_id` (`rank_id`);

ALTER TABLE `guild_ranks`
  ADD PRIMARY KEY (`id`),
  ADD KEY `guild_id` (`guild_id`);

ALTER TABLE `guild_wars`
  ADD PRIMARY KEY (`id`),
  ADD KEY `guild_id` (`guild_id`),
  ADD KEY `opponent_id` (`opponent_id`);

ALTER TABLE `houses`
  ADD PRIMARY KEY (`id`);

ALTER TABLE `house_auctions`
  ADD PRIMARY KEY (`id`),
  ADD KEY `house_id` (`house_id`),
  ADD KEY `player_id` (`player_id`);

ALTER TABLE `house_lists`
  ADD KEY `house_id` (`house_id`);

ALTER TABLE `killers`
  ADD PRIMARY KEY (`id`),
  ADD KEY `death_id` (`death_id`);

ALTER TABLE `map_store`
  ADD KEY `house_id` (`house_id`);

ALTER TABLE `pagsegurotransacoes`
  ADD UNIQUE KEY `TransacaoID` (`TransacaoID`,`StatusTransacao`),
  ADD KEY `Referencia` (`Referencia`),
  ADD KEY `status` (`status`);

ALTER TABLE `paygol`
  ADD PRIMARY KEY (`id`),
  ADD KEY `FK_paypal` (`account_id`);

ALTER TABLE `paymenthistory`
  ADD PRIMARY KEY (`id`);

ALTER TABLE `paypal`
  ADD PRIMARY KEY (`id`),
  ADD KEY `FK_paypal` (`account_id`);

ALTER TABLE `players`
  ADD PRIMARY KEY (`id`),
  ADD UNIQUE KEY `name` (`name`),
  ADD KEY `online` (`online`),
  ADD KEY `account_id` (`account_id`),
  ADD KEY `group_id` (`group_id`);

ALTER TABLE `player_deaths`
  ADD PRIMARY KEY (`id`),
  ADD KEY `player_id` (`player_id`),
  ADD KEY `date` (`date`);

ALTER TABLE `player_depotitems`
  ADD UNIQUE KEY `player_id` (`player_id`,`sid`);

ALTER TABLE `player_items`
  ADD UNIQUE KEY `player_id` (`player_id`,`sid`);

ALTER TABLE `player_killers`
  ADD PRIMARY KEY (`kill_id`,`player_id`),
  ADD KEY `player_id` (`player_id`);

ALTER TABLE `player_skills`
  ADD KEY `player_id` (`player_id`);

ALTER TABLE `player_spells`
  ADD KEY `player_id` (`player_id`);

ALTER TABLE `player_storage`
  ADD KEY `player_id` (`player_id`);

ALTER TABLE `player_viplist`
  ADD KEY `player_id` (`player_id`),
  ADD KEY `vip_id` (`vip_id`);

ALTER TABLE `pointsrecovery`
  ADD PRIMARY KEY (`id`),
  ADD UNIQUE KEY `transacaoid` (`transactionid`);

ALTER TABLE `schema_info`
  ADD PRIMARY KEY (`name`);

ALTER TABLE `sellchar_history`
  ADD PRIMARY KEY (`id`);

ALTER TABLE `server_record`
  ADD UNIQUE KEY `record` (`record`,`world_id`,`timestamp`);

ALTER TABLE `teamspeak`
  ADD PRIMARY KEY (`id`),
  ADD KEY `leader` (`leader`),
  ADD KEY `guild` (`guild`);

ALTER TABLE `tickets`
  ADD PRIMARY KEY (`id`);

ALTER TABLE `tiles`
  ADD PRIMARY KEY (`id`),
  ADD KEY `x` (`x`,`y`,`z`),
  ADD KEY `house_id` (`house_id`);

ALTER TABLE `tile_items`
  ADD KEY `sid` (`sid`),
  ADD KEY `tile_id` (`tile_id`);

ALTER TABLE `z_featured_article`
  ADD PRIMARY KEY (`id`);

ALTER TABLE `z_forum`
  ADD PRIMARY KEY (`id`),
  ADD KEY `section` (`section`);

ALTER TABLE `z_guildshop_history_item`
  ADD PRIMARY KEY (`id`);

ALTER TABLE `z_network_box`
  ADD PRIMARY KEY (`id`);

ALTER TABLE `z_ots_action`
  ADD PRIMARY KEY (`id`);

ALTER TABLE `z_ots_comunication`
  ADD PRIMARY KEY (`id`);

ALTER TABLE `z_polls`
  ADD PRIMARY KEY (`id`);

ALTER TABLE `z_shopguild_offer`
  ADD PRIMARY KEY (`id`);

ALTER TABLE `z_shop_containers`
  ADD KEY `z_shop_containers_ibfk_1` (`offerid`);

ALTER TABLE `z_shop_history_item`
  ADD PRIMARY KEY (`id`),
  ADD KEY `z_shop_history_item_ibfk_1` (`to_account`),
  ADD KEY `z_shop_history_item_ibfk_2` (`from_account`);

ALTER TABLE `z_shop_offer`
  ADD PRIMARY KEY (`id`);


ALTER TABLE `accounts`
  MODIFY `id` int(10) UNSIGNED NOT NULL AUTO_INCREMENT, AUTO_INCREMENT=2608945;

ALTER TABLE `auction_system`
  MODIFY `id` int(11) NOT NULL AUTO_INCREMENT;

ALTER TABLE `bank`
  MODIFY `id` int(11) NOT NULL AUTO_INCREMENT;

ALTER TABLE `bans`
  MODIFY `id` int(10) UNSIGNED NOT NULL AUTO_INCREMENT;

ALTER TABLE `bounty_hunter`
  MODIFY `id` int(11) NOT NULL AUTO_INCREMENT;

ALTER TABLE `cams`
  MODIFY `id` int(11) NOT NULL AUTO_INCREMENT;

ALTER TABLE `characterauction`
  MODIFY `id` int(11) NOT NULL AUTO_INCREMENT;

ALTER TABLE `groups`
  MODIFY `id` int(10) UNSIGNED NOT NULL AUTO_INCREMENT, AUTO_INCREMENT=6;

ALTER TABLE `guilds`
  MODIFY `id` int(10) UNSIGNED NOT NULL AUTO_INCREMENT;

ALTER TABLE `guild_kills`
  MODIFY `id` int(11) NOT NULL AUTO_INCREMENT;

ALTER TABLE `guild_ranks`
  MODIFY `id` int(10) UNSIGNED NOT NULL AUTO_INCREMENT;

ALTER TABLE `guild_wars`
  MODIFY `id` int(10) UNSIGNED NOT NULL AUTO_INCREMENT;

ALTER TABLE `house_auctions`
  MODIFY `id` int(10) UNSIGNED NOT NULL AUTO_INCREMENT;

ALTER TABLE `killers`
  MODIFY `id` int(10) UNSIGNED NOT NULL AUTO_INCREMENT;

ALTER TABLE `paygol`
  MODIFY `id` int(10) UNSIGNED NOT NULL AUTO_INCREMENT, AUTO_INCREMENT=2;

ALTER TABLE `paymenthistory`
  MODIFY `id` int(10) NOT NULL AUTO_INCREMENT;

ALTER TABLE `paypal`
  MODIFY `id` int(10) UNSIGNED NOT NULL AUTO_INCREMENT;

ALTER TABLE `players`
  MODIFY `id` int(10) UNSIGNED NOT NULL AUTO_INCREMENT, AUTO_INCREMENT=74629;

ALTER TABLE `player_deaths`
  MODIFY `id` int(10) UNSIGNED NOT NULL AUTO_INCREMENT;

ALTER TABLE `pointsrecovery`
  MODIFY `id` int(11) NOT NULL AUTO_INCREMENT;

ALTER TABLE `sellchar_history`
  MODIFY `id` int(11) NOT NULL AUTO_INCREMENT;

ALTER TABLE `teamspeak`
  MODIFY `id` int(10) UNSIGNED NOT NULL AUTO_INCREMENT;

ALTER TABLE `tickets`
  MODIFY `id` int(10) NOT NULL AUTO_INCREMENT;

ALTER TABLE `z_featured_article`
  MODIFY `id` int(11) NOT NULL AUTO_INCREMENT, AUTO_INCREMENT=3;

ALTER TABLE `z_forum`
  MODIFY `id` int(11) NOT NULL AUTO_INCREMENT;

ALTER TABLE `z_guildshop_history_item`
  MODIFY `id` int(11) NOT NULL AUTO_INCREMENT;

ALTER TABLE `z_network_box`
  MODIFY `id` int(11) NOT NULL AUTO_INCREMENT, AUTO_INCREMENT=2;

ALTER TABLE `z_ots_action`
  MODIFY `id` int(10) NOT NULL AUTO_INCREMENT, AUTO_INCREMENT=3;

ALTER TABLE `z_ots_comunication`
  MODIFY `id` int(11) NOT NULL AUTO_INCREMENT;

ALTER TABLE `z_polls`
  MODIFY `id` int(11) NOT NULL AUTO_INCREMENT, AUTO_INCREMENT=2;

ALTER TABLE `z_shopguild_offer`
  MODIFY `id` int(11) NOT NULL AUTO_INCREMENT, AUTO_INCREMENT=6;

ALTER TABLE `z_shop_history_item`
  MODIFY `id` int(11) NOT NULL AUTO_INCREMENT;

ALTER TABLE `z_shop_offer`
  MODIFY `id` int(11) NOT NULL AUTO_INCREMENT, AUTO_INCREMENT=11;


ALTER TABLE `cams`
  ADD CONSTRAINT `fk_grade_id` FOREIGN KEY (`player`) REFERENCES `players` (`id`);

ALTER TABLE `characterauction`
  ADD CONSTRAINT `characterauction_ibfk_1` FOREIGN KEY (`playerid`) REFERENCES `players` (`id`) ON DELETE CASCADE ON UPDATE CASCADE,
  ADD CONSTRAINT `characterauction_ibfk_2` FOREIGN KEY (`oldid`) REFERENCES `accounts` (`id`) ON DELETE CASCADE ON UPDATE CASCADE;

ALTER TABLE `environment_killers`
  ADD CONSTRAINT `environment_killers_ibfk_1` FOREIGN KEY (`kill_id`) REFERENCES `killers` (`id`) ON DELETE CASCADE;

ALTER TABLE `exp_history`
  ADD CONSTRAINT `exp_history_ibfk_1` FOREIGN KEY (`player_id`) REFERENCES `players` (`id`) ON DELETE CASCADE ON UPDATE CASCADE;

ALTER TABLE `guilds`
  ADD CONSTRAINT `guilds_ibfk_1` FOREIGN KEY (`owner_id`) REFERENCES `players` (`id`) ON DELETE CASCADE;

ALTER TABLE `guild_invites`
  ADD CONSTRAINT `guild_invites_ibfk_1` FOREIGN KEY (`player_id`) REFERENCES `players` (`id`) ON DELETE CASCADE ON UPDATE CASCADE,
  ADD CONSTRAINT `guild_invites_ibfk_2` FOREIGN KEY (`guild_id`) REFERENCES `guilds` (`id`) ON DELETE CASCADE ON UPDATE CASCADE;

ALTER TABLE `guild_members`
  ADD CONSTRAINT `guild_members_ibfk_1` FOREIGN KEY (`player_id`) REFERENCES `players` (`id`) ON DELETE CASCADE ON UPDATE CASCADE,
  ADD CONSTRAINT `guild_members_ibfk_2` FOREIGN KEY (`rank_id`) REFERENCES `guild_ranks` (`id`) ON DELETE CASCADE ON UPDATE CASCADE;

ALTER TABLE `guild_ranks`
  ADD CONSTRAINT `guild_ranks_ibfk_1` FOREIGN KEY (`guild_id`) REFERENCES `guilds` (`id`) ON DELETE CASCADE;

ALTER TABLE `guild_wars`
  ADD CONSTRAINT `guild_wars_ibfk_1` FOREIGN KEY (`guild_id`) REFERENCES `guilds` (`id`) ON DELETE CASCADE,
  ADD CONSTRAINT `guild_wars_ibfk_2` FOREIGN KEY (`opponent_id`) REFERENCES `guilds` (`id`) ON DELETE CASCADE;

ALTER TABLE `house_auctions`
  ADD CONSTRAINT `house_auctions_ibfk_1` FOREIGN KEY (`house_id`) REFERENCES `houses` (`id`) ON DELETE CASCADE,
  ADD CONSTRAINT `house_auctions_ibfk_2` FOREIGN KEY (`player_id`) REFERENCES `players` (`id`) ON DELETE CASCADE;

ALTER TABLE `house_lists`
  ADD CONSTRAINT `house_lists_ibfk_1` FOREIGN KEY (`house_id`) REFERENCES `houses` (`id`) ON DELETE CASCADE;

ALTER TABLE `killers`
  ADD CONSTRAINT `killers_ibfk_1` FOREIGN KEY (`death_id`) REFERENCES `player_deaths` (`id`) ON DELETE CASCADE ON UPDATE CASCADE;

ALTER TABLE `paypal`
  ADD CONSTRAINT `FK_paypal` FOREIGN KEY (`account_id`) REFERENCES `accounts` (`id`) ON DELETE CASCADE ON UPDATE CASCADE;

ALTER TABLE `players`
  ADD CONSTRAINT `players_ibfk_1` FOREIGN KEY (`account_id`) REFERENCES `accounts` (`id`) ON DELETE CASCADE,
  ADD CONSTRAINT `players_ibfk_2` FOREIGN KEY (`group_id`) REFERENCES `groups` (`id`);

ALTER TABLE `player_deaths`
  ADD CONSTRAINT `player_deaths_ibfk_1` FOREIGN KEY (`player_id`) REFERENCES `players` (`id`) ON DELETE CASCADE ON UPDATE CASCADE;

ALTER TABLE `player_killers`
  ADD CONSTRAINT `player_killers_ibfk_1` FOREIGN KEY (`kill_id`) REFERENCES `killers` (`id`) ON DELETE CASCADE ON UPDATE CASCADE,
  ADD CONSTRAINT `player_killers_ibfk_2` FOREIGN KEY (`player_id`) REFERENCES `players` (`id`) ON DELETE CASCADE;

ALTER TABLE `player_skills`
  ADD CONSTRAINT `player_skills_ibfk_1` FOREIGN KEY (`player_id`) REFERENCES `players` (`id`) ON DELETE CASCADE ON UPDATE CASCADE;

ALTER TABLE `player_spells`
  ADD CONSTRAINT `player_spells_ibfk_1` FOREIGN KEY (`player_id`) REFERENCES `players` (`id`) ON DELETE CASCADE;

ALTER TABLE `player_storage`
  ADD CONSTRAINT `player_storage_ibfk_1` FOREIGN KEY (`player_id`) REFERENCES `players` (`id`) ON DELETE CASCADE ON UPDATE CASCADE;

ALTER TABLE `player_viplist`
  ADD CONSTRAINT `player_viplist_ibfk_1` FOREIGN KEY (`player_id`) REFERENCES `players` (`id`) ON DELETE CASCADE,
  ADD CONSTRAINT `player_viplist_ibfk_2` FOREIGN KEY (`vip_id`) REFERENCES `players` (`id`) ON DELETE CASCADE;

ALTER TABLE `teamspeak`
  ADD CONSTRAINT `teamspeak_ibfk_1` FOREIGN KEY (`leader`) REFERENCES `players` (`id`),
  ADD CONSTRAINT `teamspeak_ibfk_2` FOREIGN KEY (`guild`) REFERENCES `guilds` (`id`);

ALTER TABLE `tiles`
  ADD CONSTRAINT `tiles_ibfk_1` FOREIGN KEY (`house_id`) REFERENCES `houses` (`id`) ON DELETE NO ACTION;

ALTER TABLE `tile_items`
  ADD CONSTRAINT `tile_items_ibfk_1` FOREIGN KEY (`tile_id`) REFERENCES `tiles` (`id`) ON DELETE CASCADE;

ALTER TABLE `z_shop_containers`
  ADD CONSTRAINT `z_shop_containers_ibfk_1` FOREIGN KEY (`offerid`) REFERENCES `z_shop_offer` (`id`) ON DELETE CASCADE ON UPDATE CASCADE;

ALTER TABLE `z_shop_history_item`
  ADD CONSTRAINT `z_shop_history_item_ibfk_1` FOREIGN KEY (`to_account`) REFERENCES `accounts` (`id`) ON DELETE NO ACTION ON UPDATE NO ACTION,
  ADD CONSTRAINT `z_shop_history_item_ibfk_2` FOREIGN KEY (`from_account`) REFERENCES `accounts` (`id`) ON DELETE NO ACTION ON UPDATE NO ACTION;
COMMIT;

/*!40101 SET CHARACTER_SET_CLIENT=@OLD_CHARACTER_SET_CLIENT */;
/*!40101 SET CHARACTER_SET_RESULTS=@OLD_CHARACTER_SET_RESULTS */;
/*!40101 SET COLLATION_CONNECTION=@OLD_COLLATION_CONNECTION */;
